Order_ID,Customer_ID,Order_Date,Product_Category,Product,Quantity,Price,Revenue,Region,Payment_Method
O1000,C015,2024-08-31,Sports,Football,4,800,3200,East,Credit Card
O1001,C226,2023-11-12,Sports,Cricket Bat,5,1500,7500,North,Credit Card
O1002,C100,2023-09-19,Home & Kitchen,Mixer,3,4000,12000,East,Cash
O1003,C057,2023-08-23,Clothing,Shirt,5,1200,6000,North,Net Banking
O1004,C101,2024-07-13,Home & Kitchen,Cookware,5,3000,15000,West,Cash
O1005,C202,2024-02-07,Sports,Tennis Racket,2,2200,4400,East,Cash
O1006,C153,2023-05-28,Electronics,Headphones,3,2000,6000,North,Cash
O1007,C102,2023-04-30,Sports,Tennis Racket,3,2200,6600,West,Credit Card
O1008,C026,2024-07-13,Clothing,Shirt,3,1200,3600,East,Credit Card
O1009,C265,2024-04-16,Groceries,Eggs,5,6,30,West,Cash
O1010,C027,2023-03-01,Home & Kitchen,Mixer,4,4000,16000,South,Debit Card
O1011,C064,2023-10-30,Home & Kitchen,Mixer,3,4000,12000,West,Debit Card
O1012,C092,2023-02-02,Home & Kitchen,Cookware,5,3000,15000,North,Debit Card
O1013,C292,2023-09-01,Home & Kitchen,Sofa,2,15000,30000,South,Credit Card
O1014,C034,2023-01-02,Groceries,Eggs,4,6,24,East,Debit Card
O1015,C209,2023-05-30,Clothing,Jeans,2,2000,4000,East,Credit Card
O1016,C152,2023-08-20,Sports,Cricket Bat,4,1500,6000,North,Net Banking
O1017,C012,2023-06-14,Home & Kitchen,Cookware,5,3000,15000,East,Cash
O1018,C005,2023-12-29,Electronics,Headphones,1,2000,2000,West,Debit Card
O1019,C192,2024-07-27,Clothing,Shirt,4,1200,4800,East,Cash
O1020,C233,2024-12-11,Home & Kitchen,Cookware,2,3000,6000,South,Debit Card
O1021,C080,2023-09-16,Groceries,Eggs,5,6,30,East,Debit Card
O1022,C094,2024-02-20,Groceries,Eggs,4,6,24,West,Net Banking
O1023,C261,2023-07-16,Sports,Football,1,800,800,North,Credit Card
O1024,C279,2023-08-10,Home & Kitchen,Cookware,1,3000,3000,South,Credit Card
O1025,C130,2024-05-23,Groceries,Eggs,3,6,18,West,Credit Card
O1026,C086,2023-03-31,Clothing,Jeans,3,2000,6000,West,Credit Card
O1027,C084,2024-05-21,Home & Kitchen,Bed,2,20000,40000,South,UPI
O1028,C053,2024-05-20,Groceries,Milk,4,25,100,West,Credit Card
O1029,C251,2024-08-11,Sports,Football,4,800,3200,West,Credit Card
O1030,C165,2023-08-19,Sports,Football,3,800,2400,North,Debit Card
O1031,C078,2024-12-15,Sports,Cricket Bat,4,1500,6000,West,Debit Card
O1032,C224,2024-01-23,Clothing,Jacket,4,3500,14000,North,Cash
O1033,C181,2023-09-26,Electronics,Headphones,1,2000,2000,North,Credit Card
O1034,C037,2023-11-02,Home & Kitchen,Cookware,3,3000,9000,East,Cash
O1035,C038,2023-05-04,Groceries,Milk,5,25,125,South,Debit Card
O1036,C246,2024-10-21,Sports,Tennis Racket,3,2200,6600,North,Credit Card
O1037,C253,2023-03-07,Groceries,Eggs,5,6,30,East,Net Banking
O1038,C040,2023-08-01,Electronics,Tablet,1,30000,30000,North,UPI
O1039,C077,2024-09-10,Sports,Yoga Mat,2,600,1200,South,Credit Card
O1040,C223,2024-12-30,Electronics,Headphones,4,2000,8000,West,Debit Card
O1041,C070,2024-08-22,Home & Kitchen,Bed,1,20000,20000,North,UPI
O1042,C255,2024-04-16,Sports,Yoga Mat,4,600,2400,East,Credit Card
O1043,C158,2024-05-21,Groceries,Milk,2,25,50,East,Credit Card
O1044,C087,2023-11-22,Groceries,Eggs,2,6,12,South,Net Banking
O1045,C172,2023-11-27,Electronics,Laptop,1,60000,60000,North,Net Banking
O1046,C083,2023-09-21,Clothing,Shoes,2,2500,5000,West,Debit Card
O1047,C130,2024-09-20,Sports,Cricket Bat,5,1500,7500,North,Debit Card
O1048,C238,2023-09-15,Groceries,Milk,2,25,50,North,Credit Card
O1049,C066,2023-07-04,Groceries,Milk,4,25,100,East,UPI
O1050,C198,2023-05-21,Sports,Football,4,800,3200,North,Net Banking
O1051,C186,2024-04-26,Electronics,Tablet,4,30000,120000,East,Debit Card
O1052,C018,2024-12-26,Electronics,Headphones,4,2000,8000,East,Debit Card
O1053,C053,2023-09-07,Sports,Yoga Mat,5,600,3000,North,UPI
O1054,C297,2024-08-07,Electronics,Tablet,3,30000,90000,North,Net Banking
O1055,C167,2023-05-06,Home & Kitchen,Sofa,1,15000,15000,South,Net Banking
O1056,C256,2024-10-28,Home & Kitchen,Sofa,4,15000,60000,South,Net Banking
O1057,C161,2023-06-29,Clothing,Shirt,2,1200,2400,North,Net Banking
O1058,C147,2023-06-22,Groceries,Eggs,4,6,24,South,UPI
O1059,C171,2024-08-24,Electronics,Laptop,2,60000,120000,West,Net Banking
O1060,C203,2023-08-06,Electronics,Laptop,2,60000,120000,East,Net Banking
O1061,C161,2024-09-12,Home & Kitchen,Sofa,4,15000,60000,North,Credit Card
O1062,C256,2023-07-31,Clothing,Shoes,5,2500,12500,North,Net Banking
O1063,C299,2024-06-27,Electronics,Tablet,2,30000,60000,South,Debit Card
O1064,C042,2023-07-28,Home & Kitchen,Bed,2,20000,40000,North,UPI
O1065,C015,2023-11-25,Clothing,Shirt,4,1200,4800,West,Net Banking
O1066,C004,2024-03-20,Electronics,Headphones,2,2000,4000,West,UPI
O1067,C252,2024-08-20,Sports,Cricket Bat,2,1500,3000,North,Cash
O1068,C271,2024-02-29,Clothing,Jeans,4,2000,8000,West,UPI
O1069,C164,2023-01-11,Groceries,Rice,4,50,200,West,Credit Card
O1070,C056,2023-11-30,Sports,Cricket Bat,1,1500,1500,North,UPI
O1071,C005,2023-10-20,Clothing,Shoes,5,2500,12500,North,UPI
O1072,C238,2023-01-10,Home & Kitchen,Mixer,5,4000,20000,West,Credit Card
O1073,C074,2023-02-07,Clothing,Jacket,2,3500,7000,West,UPI
O1074,C173,2023-04-28,Groceries,Milk,5,25,125,West,UPI
O1075,C025,2024-05-18,Electronics,Tablet,2,30000,60000,East,Credit Card
O1076,C290,2023-04-05,Electronics,Laptop,1,60000,60000,South,Credit Card
O1077,C150,2023-01-05,Electronics,Headphones,4,2000,8000,South,Credit Card
O1078,C208,2023-04-25,Sports,Football,4,800,3200,North,Credit Card
O1079,C163,2023-11-10,Sports,Yoga Mat,4,600,2400,South,Cash
O1080,C102,2024-02-10,Sports,Tennis Racket,5,2200,11000,South,Net Banking
O1081,C148,2023-06-10,Clothing,Jeans,1,2000,2000,East,Credit Card
O1082,C236,2023-09-15,Home & Kitchen,Cookware,5,3000,15000,North,Credit Card
O1083,C214,2024-09-26,Groceries,Rice,5,50,250,North,UPI
O1084,C058,2023-09-29,Groceries,Milk,1,25,25,West,Credit Card
O1085,C286,2024-06-02,Clothing,Jacket,1,3500,3500,East,Cash
O1086,C098,2023-08-12,Home & Kitchen,Mixer,1,4000,4000,South,UPI
O1087,C152,2024-04-11,Home & Kitchen,Cookware,1,3000,3000,South,Credit Card
O1088,C184,2024-08-29,Home & Kitchen,Cookware,4,3000,12000,East,UPI
O1089,C076,2024-05-20,Sports,Football,3,800,2400,East,Debit Card
O1090,C161,2023-10-12,Sports,Cricket Bat,3,1500,4500,North,Debit Card
O1091,C139,2024-10-29,Sports,Yoga Mat,1,600,600,West,Cash
O1092,C119,2023-03-06,Clothing,Jacket,3,3500,10500,South,UPI
O1093,C281,2024-11-09,Sports,Yoga Mat,3,600,1800,North,UPI
O1094,C012,2023-10-23,Groceries,Eggs,1,6,6,West,UPI
O1095,C156,2024-09-25,Sports,Football,3,800,2400,North,Cash
O1096,C162,2023-11-03,Home & Kitchen,Mixer,5,4000,20000,West,Credit Card
O1097,C220,2024-12-21,Clothing,Shirt,2,1200,2400,South,Credit Card
O1098,C007,2023-02-18,Home & Kitchen,Sofa,2,15000,30000,South,Credit Card
O1099,C185,2023-09-14,Sports,Football,1,800,800,East,UPI
O1100,C060,2023-07-13,Sports,Cricket Bat,4,1500,6000,East,Debit Card
O1101,C175,2024-11-04,Home & Kitchen,Bed,1,20000,20000,West,Credit Card
O1102,C300,2024-02-19,Groceries,Wheat,4,40,160,North,Debit Card
O1103,C083,2024-08-14,Home & Kitchen,Mixer,2,4000,8000,West,Credit Card
O1104,C235,2023-06-15,Sports,Yoga Mat,1,600,600,North,Credit Card
O1105,C272,2024-01-25,Clothing,Jacket,5,3500,17500,West,Net Banking
O1106,C259,2024-09-18,Electronics,Tablet,3,30000,90000,North,Credit Card
O1107,C190,2023-06-08,Electronics,Laptop,4,60000,240000,South,Cash
O1108,C198,2024-06-05,Clothing,Jacket,3,3500,10500,East,Cash
O1109,C022,2024-09-08,Electronics,Tablet,3,30000,90000,North,Net Banking
O1110,C076,2024-09-16,Clothing,Jacket,1,3500,3500,North,Net Banking
O1111,C171,2024-11-20,Home & Kitchen,Sofa,3,15000,45000,East,Net Banking
O1112,C226,2024-06-19,Clothing,Jeans,5,2000,10000,South,UPI
O1113,C076,2023-07-03,Clothing,Shirt,3,1200,3600,North,Credit Card
O1114,C224,2024-03-21,Clothing,Jacket,1,3500,3500,West,Cash
O1115,C044,2024-04-18,Home & Kitchen,Mixer,5,4000,20000,South,UPI
O1116,C296,2024-03-13,Sports,Football,2,800,1600,East,Cash
O1117,C060,2024-12-25,Clothing,Jeans,3,2000,6000,West,Credit Card
O1118,C177,2023-07-31,Groceries,Wheat,1,40,40,North,Credit Card
O1119,C159,2023-05-22,Electronics,Laptop,2,60000,120000,East,Cash
O1120,C229,2024-06-14,Clothing,Jeans,2,2000,4000,North,Cash
O1121,C244,2023-09-21,Home & Kitchen,Cookware,4,3000,12000,West,Debit Card
O1122,C297,2024-01-12,Sports,Tennis Racket,5,2200,11000,East,UPI
O1123,C226,2024-06-09,Groceries,Wheat,3,40,120,South,UPI
O1124,C116,2023-12-01,Clothing,Jacket,1,3500,3500,East,Debit Card
O1125,C123,2023-01-23,Groceries,Eggs,4,6,24,East,Cash
O1126,C217,2023-03-06,Home & Kitchen,Cookware,5,3000,15000,South,Debit Card
O1127,C227,2024-04-26,Groceries,Milk,4,25,100,East,Debit Card
O1128,C139,2024-04-30,Clothing,Jeans,5,2000,10000,North,UPI
O1129,C186,2023-07-07,Clothing,Shirt,5,1200,6000,East,Cash
O1130,C183,2024-06-08,Sports,Tennis Racket,3,2200,6600,South,Net Banking
O1131,C215,2023-06-09,Sports,Yoga Mat,5,600,3000,South,Cash
O1132,C292,2023-03-27,Electronics,Smartphone,4,25000,100000,North,Cash
O1133,C122,2024-11-04,Electronics,Tablet,5,30000,150000,North,Cash
O1134,C172,2024-12-07,Clothing,Jeans,3,2000,6000,North,UPI
O1135,C113,2023-11-20,Sports,Yoga Mat,3,600,1800,North,Debit Card
O1136,C098,2023-10-11,Groceries,Eggs,4,6,24,South,Cash
O1137,C284,2023-02-09,Electronics,Smartphone,2,25000,50000,North,Credit Card
O1138,C023,2023-05-30,Groceries,Eggs,2,6,12,East,Net Banking
O1139,C119,2024-01-13,Sports,Football,5,800,4000,South,Debit Card
O1140,C197,2023-10-16,Groceries,Milk,1,25,25,East,Debit Card
O1141,C122,2024-07-20,Groceries,Rice,5,50,250,South,Net Banking
O1142,C048,2024-09-30,Home & Kitchen,Bed,4,20000,80000,East,Net Banking
O1143,C034,2024-02-19,Home & Kitchen,Sofa,4,15000,60000,West,Credit Card
O1144,C028,2023-11-09,Electronics,Laptop,4,60000,240000,North,Credit Card
O1145,C123,2023-03-14,Groceries,Eggs,4,6,24,East,UPI
O1146,C161,2024-07-15,Clothing,Jacket,4,3500,14000,South,Credit Card
O1147,C010,2024-12-24,Sports,Cricket Bat,3,1500,4500,South,Credit Card
O1148,C075,2024-08-26,Home & Kitchen,Sofa,2,15000,30000,East,Cash
O1149,C276,2024-11-02,Groceries,Milk,4,25,100,West,UPI
O1150,C041,2024-05-30,Home & Kitchen,Cookware,1,3000,3000,North,Net Banking
O1151,C239,2023-07-07,Groceries,Rice,1,50,50,South,Debit Card
O1152,C135,2024-01-28,Sports,Cricket Bat,1,1500,1500,East,Net Banking
O1153,C039,2023-05-27,Home & Kitchen,Bed,1,20000,20000,West,Debit Card
O1154,C191,2023-12-15,Sports,Yoga Mat,3,600,1800,South,Cash
O1155,C229,2024-09-02,Groceries,Wheat,1,40,40,West,Credit Card
O1156,C183,2024-02-25,Clothing,Shirt,4,1200,4800,West,UPI
O1157,C076,2024-04-10,Electronics,Tablet,5,30000,150000,South,Debit Card
O1158,C066,2024-10-26,Groceries,Rice,1,50,50,East,Net Banking
O1159,C152,2023-05-24,Clothing,Shoes,3,2500,7500,North,UPI
O1160,C236,2024-01-27,Home & Kitchen,Sofa,3,15000,45000,North,Net Banking
O1161,C114,2023-10-05,Sports,Tennis Racket,1,2200,2200,South,Cash
O1162,C253,2024-03-21,Groceries,Rice,5,50,250,South,Debit Card
O1163,C226,2024-10-10,Electronics,Laptop,1,60000,60000,West,Credit Card
O1164,C178,2023-11-12,Groceries,Wheat,3,40,120,North,Net Banking
O1165,C295,2024-05-31,Electronics,Tablet,2,30000,60000,North,UPI
O1166,C085,2024-01-13,Groceries,Milk,4,25,100,West,Cash
O1167,C058,2024-11-14,Electronics,Laptop,3,60000,180000,East,Debit Card
O1168,C003,2024-08-06,Groceries,Milk,1,25,25,North,Cash
O1169,C280,2023-07-31,Clothing,Jacket,4,3500,14000,North,Cash
O1170,C230,2023-06-05,Electronics,Tablet,1,30000,30000,North,UPI
O1171,C294,2023-03-12,Clothing,Shirt,1,1200,1200,South,Debit Card
O1172,C195,2024-12-02,Home & Kitchen,Cookware,2,3000,6000,North,Net Banking
O1173,C053,2023-01-31,Sports,Yoga Mat,4,600,2400,North,Credit Card
O1174,C100,2023-07-18,Groceries,Wheat,4,40,160,North,Cash
O1175,C193,2024-06-11,Sports,Cricket Bat,2,1500,3000,West,UPI
O1176,C039,2023-07-09,Groceries,Milk,3,25,75,East,Debit Card
O1177,C044,2024-08-07,Home & Kitchen,Bed,1,20000,20000,South,Debit Card
O1178,C048,2024-02-12,Home & Kitchen,Mixer,5,4000,20000,West,Debit Card
O1179,C155,2024-01-18,Home & Kitchen,Sofa,1,15000,15000,East,Net Banking
O1180,C297,2023-01-27,Electronics,Headphones,1,2000,2000,East,UPI
O1181,C035,2023-02-02,Clothing,Jacket,3,3500,10500,East,Net Banking
O1182,C154,2024-04-09,Home & Kitchen,Cookware,1,3000,3000,South,UPI
O1183,C091,2023-05-25,Sports,Football,2,800,1600,East,Cash
O1184,C216,2024-03-29,Sports,Football,2,800,1600,North,Credit Card
O1185,C262,2023-11-11,Groceries,Rice,4,50,200,South,Cash
O1186,C240,2023-07-27,Electronics,Headphones,5,2000,10000,West,Cash
O1187,C121,2023-06-04,Sports,Cricket Bat,1,1500,1500,South,Credit Card
O1188,C117,2024-03-04,Home & Kitchen,Cookware,1,3000,3000,South,Cash
O1189,C220,2023-01-28,Groceries,Rice,3,50,150,West,Cash
O1190,C255,2024-07-05,Clothing,Jacket,2,3500,7000,South,Debit Card
O1191,C101,2023-07-25,Electronics,Headphones,5,2000,10000,West,Debit Card
O1192,C046,2024-10-27,Groceries,Rice,4,50,200,West,Debit Card
O1193,C114,2023-12-11,Groceries,Eggs,2,6,12,East,Cash
O1194,C075,2023-01-05,Electronics,Laptop,4,60000,240000,West,Cash
O1195,C139,2023-09-27,Groceries,Milk,3,25,75,West,Net Banking
O1196,C156,2023-10-28,Groceries,Milk,3,25,75,East,Debit Card
O1197,C212,2023-12-22,Groceries,Rice,1,50,50,East,Credit Card
O1198,C228,2023-10-11,Home & Kitchen,Bed,5,20000,100000,North,Cash
O1199,C057,2024-07-06,Sports,Cricket Bat,4,1500,6000,East,Cash
O1200,C110,2024-06-27,Electronics,Tablet,2,30000,60000,North,UPI
O1201,C150,2024-08-30,Home & Kitchen,Mixer,3,4000,12000,North,Debit Card
O1202,C285,2024-05-15,Groceries,Milk,1,25,25,North,Net Banking
O1203,C021,2023-09-20,Groceries,Eggs,1,6,6,South,Cash
O1204,C074,2024-06-03,Clothing,Jeans,4,2000,8000,West,UPI
O1205,C192,2023-02-07,Home & Kitchen,Sofa,3,15000,45000,South,Credit Card
O1206,C088,2024-06-08,Electronics,Tablet,5,30000,150000,North,Debit Card
O1207,C182,2023-09-01,Electronics,Laptop,3,60000,180000,East,Cash
O1208,C261,2024-10-04,Electronics,Laptop,4,60000,240000,North,Credit Card
O1209,C100,2024-06-26,Electronics,Headphones,4,2000,8000,South,Debit Card
O1210,C204,2024-06-24,Sports,Football,3,800,2400,West,Cash
O1211,C057,2024-03-15,Home & Kitchen,Cookware,4,3000,12000,West,Net Banking
O1212,C160,2024-05-13,Clothing,Jeans,3,2000,6000,South,Debit Card
O1213,C017,2023-11-07,Sports,Yoga Mat,2,600,1200,West,Debit Card
O1214,C132,2024-01-10,Home & Kitchen,Sofa,3,15000,45000,South,Debit Card
O1215,C107,2024-04-17,Clothing,Shirt,3,1200,3600,South,Debit Card
O1216,C018,2023-10-20,Sports,Yoga Mat,4,600,2400,South,Cash
O1217,C184,2023-11-30,Groceries,Eggs,4,6,24,West,Net Banking
O1218,C073,2024-03-07,Sports,Football,1,800,800,East,Debit Card
O1219,C241,2023-02-18,Clothing,Jeans,1,2000,2000,South,Cash
O1220,C123,2023-07-01,Electronics,Smartphone,2,25000,50000,West,Net Banking
O1221,C227,2024-10-29,Home & Kitchen,Sofa,1,15000,15000,East,Net Banking
O1222,C132,2024-11-13,Groceries,Milk,3,25,75,East,Cash
O1223,C160,2023-09-23,Electronics,Tablet,4,30000,120000,East,Net Banking
O1224,C201,2024-09-02,Electronics,Headphones,1,2000,2000,West,UPI
O1225,C266,2023-11-11,Electronics,Headphones,1,2000,2000,South,UPI
O1226,C084,2023-02-13,Clothing,Shoes,2,2500,5000,South,Debit Card
O1227,C073,2024-01-29,Sports,Yoga Mat,2,600,1200,West,Debit Card
O1228,C114,2023-08-27,Sports,Yoga Mat,3,600,1800,West,Debit Card
O1229,C066,2023-03-15,Electronics,Headphones,4,2000,8000,South,Cash
O1230,C195,2024-02-07,Sports,Cricket Bat,2,1500,3000,West,Debit Card
O1231,C284,2023-11-07,Sports,Football,1,800,800,North,Cash
O1232,C117,2023-12-21,Home & Kitchen,Cookware,4,3000,12000,North,Cash
O1233,C184,2024-06-23,Sports,Tennis Racket,4,2200,8800,West,Cash
O1234,C194,2024-02-06,Clothing,Jacket,1,3500,3500,East,Credit Card
O1235,C007,2023-08-07,Groceries,Wheat,2,40,80,West,UPI
O1236,C260,2023-10-10,Groceries,Wheat,1,40,40,North,Credit Card
O1237,C234,2024-11-16,Groceries,Eggs,4,6,24,West,Credit Card
O1238,C289,2023-07-23,Home & Kitchen,Cookware,5,3000,15000,West,Cash
O1239,C171,2023-06-04,Electronics,Headphones,5,2000,10000,West,Net Banking
O1240,C275,2023-12-09,Groceries,Milk,3,25,75,North,Debit Card
O1241,C130,2024-03-04,Electronics,Smartphone,1,25000,25000,East,Debit Card
O1242,C171,2023-05-19,Home & Kitchen,Bed,1,20000,20000,South,UPI
O1243,C061,2024-07-21,Groceries,Rice,3,50,150,South,Debit Card
O1244,C197,2023-08-15,Electronics,Laptop,3,60000,180000,South,Net Banking
O1245,C134,2023-05-09,Electronics,Smartphone,3,25000,75000,East,Net Banking
O1246,C297,2023-02-18,Sports,Tennis Racket,4,2200,8800,North,UPI
O1247,C066,2024-04-30,Clothing,Jeans,1,2000,2000,East,UPI
O1248,C076,2024-10-06,Groceries,Rice,4,50,200,West,Debit Card
O1249,C128,2023-08-23,Sports,Cricket Bat,3,1500,4500,South,Debit Card
O1250,C098,2023-01-24,Sports,Tennis Racket,1,2200,2200,East,Debit Card
O1251,C044,2024-04-29,Groceries,Eggs,4,6,24,West,Cash
O1252,C114,2023-11-20,Electronics,Tablet,4,30000,120000,East,UPI
O1253,C003,2023-04-30,Sports,Yoga Mat,3,600,1800,East,Debit Card
O1254,C261,2023-11-03,Home & Kitchen,Mixer,1,4000,4000,South,UPI
O1255,C240,2023-08-17,Sports,Football,3,800,2400,South,Debit Card
O1256,C174,2023-03-03,Home & Kitchen,Sofa,1,15000,15000,East,Debit Card
O1257,C002,2023-08-02,Groceries,Rice,5,50,250,East,Debit Card
O1258,C297,2023-11-29,Electronics,Tablet,2,30000,60000,South,Credit Card
O1259,C069,2024-10-11,Electronics,Smartphone,2,25000,50000,West,UPI
O1260,C031,2023-03-22,Sports,Yoga Mat,2,600,1200,North,Net Banking
O1261,C048,2023-03-09,Groceries,Wheat,3,40,120,East,Cash
O1262,C247,2023-03-11,Home & Kitchen,Bed,5,20000,100000,South,Cash
O1263,C197,2024-06-11,Sports,Football,1,800,800,North,Credit Card
O1264,C243,2023-03-07,Electronics,Headphones,4,2000,8000,East,Net Banking
O1265,C060,2024-06-08,Home & Kitchen,Mixer,1,4000,4000,East,UPI
O1266,C049,2023-09-20,Sports,Cricket Bat,4,1500,6000,North,Cash
O1267,C090,2023-09-10,Sports,Cricket Bat,1,1500,1500,West,Cash
O1268,C167,2024-12-24,Electronics,Smartphone,5,25000,125000,North,UPI
O1269,C202,2024-10-08,Clothing,Shoes,4,2500,10000,South,Debit Card
O1270,C114,2023-01-04,Sports,Football,3,800,2400,East,Credit Card
O1271,C273,2023-02-24,Electronics,Tablet,1,30000,30000,North,Credit Card
O1272,C181,2024-05-19,Home & Kitchen,Bed,1,20000,20000,West,Cash
O1273,C157,2023-03-08,Home & Kitchen,Cookware,4,3000,12000,East,Cash
O1274,C101,2023-06-26,Groceries,Rice,3,50,150,North,UPI
O1275,C223,2024-10-01,Sports,Tennis Racket,3,2200,6600,North,Credit Card
O1276,C170,2023-08-29,Electronics,Headphones,5,2000,10000,East,Debit Card
O1277,C008,2023-01-16,Electronics,Laptop,3,60000,180000,South,Debit Card
O1278,C160,2024-03-19,Electronics,Smartphone,3,25000,75000,South,Net Banking
O1279,C244,2023-01-13,Home & Kitchen,Bed,3,20000,60000,East,UPI
O1280,C205,2024-06-02,Clothing,Shoes,2,2500,5000,North,Cash
O1281,C103,2024-07-16,Home & Kitchen,Mixer,5,4000,20000,West,Debit Card
O1282,C076,2024-02-22,Home & Kitchen,Sofa,1,15000,15000,North,Credit Card
O1283,C022,2024-06-11,Electronics,Smartphone,4,25000,100000,East,Net Banking
O1284,C001,2024-10-01,Home & Kitchen,Cookware,1,3000,3000,South,Cash
O1285,C116,2024-01-07,Sports,Tennis Racket,5,2200,11000,West,UPI
O1286,C188,2024-10-26,Home & Kitchen,Sofa,4,15000,60000,West,Debit Card
O1287,C102,2024-08-29,Groceries,Eggs,5,6,30,North,UPI
O1288,C285,2023-05-06,Groceries,Milk,3,25,75,North,Net Banking
O1289,C291,2023-05-05,Electronics,Laptop,4,60000,240000,East,Debit Card
O1290,C178,2024-06-02,Home & Kitchen,Cookware,3,3000,9000,North,UPI
O1291,C208,2023-05-23,Clothing,Jeans,1,2000,2000,North,Net Banking
O1292,C033,2023-03-21,Electronics,Laptop,1,60000,60000,West,Debit Card
O1293,C106,2023-07-12,Home & Kitchen,Sofa,4,15000,60000,West,Credit Card
O1294,C175,2024-04-10,Electronics,Laptop,4,60000,240000,North,Cash
O1295,C083,2023-01-10,Electronics,Tablet,5,30000,150000,West,UPI
O1296,C090,2023-06-30,Clothing,Shoes,5,2500,12500,North,Debit Card
O1297,C168,2024-04-14,Groceries,Milk,3,25,75,East,Cash
O1298,C087,2023-05-14,Electronics,Smartphone,4,25000,100000,South,Credit Card
O1299,C110,2023-05-03,Groceries,Milk,1,25,25,North,Net Banking
O1300,C012,2024-01-16,Electronics,Headphones,5,2000,10000,North,Net Banking
O1301,C293,2023-11-30,Clothing,Jeans,5,2000,10000,South,UPI
O1302,C292,2024-01-17,Home & Kitchen,Bed,1,20000,20000,East,Debit Card
O1303,C107,2024-01-28,Groceries,Eggs,5,6,30,East,Debit Card
O1304,C087,2023-09-28,Clothing,Jeans,3,2000,6000,East,UPI
O1305,C210,2023-05-11,Groceries,Milk,4,25,100,East,UPI
O1306,C157,2023-11-01,Sports,Football,1,800,800,East,UPI
O1307,C062,2024-04-08,Electronics,Smartphone,4,25000,100000,West,Cash
O1308,C106,2023-12-10,Sports,Yoga Mat,5,600,3000,East,Credit Card
O1309,C119,2024-11-11,Home & Kitchen,Bed,5,20000,100000,South,Credit Card
O1310,C165,2024-09-21,Groceries,Wheat,1,40,40,East,Net Banking
O1311,C166,2024-04-09,Sports,Yoga Mat,3,600,1800,South,Debit Card
O1312,C070,2024-05-21,Clothing,Shirt,2,1200,2400,North,Credit Card
O1313,C274,2023-01-29,Sports,Cricket Bat,1,1500,1500,South,Cash
O1314,C283,2023-01-01,Home & Kitchen,Sofa,2,15000,30000,East,Net Banking
O1315,C167,2023-07-04,Clothing,Shoes,2,2500,5000,North,Net Banking
O1316,C149,2024-05-24,Groceries,Rice,3,50,150,East,Cash
O1317,C284,2024-11-26,Electronics,Tablet,2,30000,60000,North,Debit Card
O1318,C143,2024-08-25,Electronics,Smartphone,2,25000,50000,East,Credit Card
O1319,C209,2024-11-05,Electronics,Tablet,3,30000,90000,North,Cash
O1320,C029,2023-04-25,Clothing,Shirt,2,1200,2400,South,Credit Card
O1321,C171,2023-12-31,Clothing,Jeans,2,2000,4000,North,UPI
O1322,C271,2024-06-11,Home & Kitchen,Sofa,2,15000,30000,North,UPI
O1323,C169,2024-11-29,Groceries,Eggs,1,6,6,East,Net Banking
O1324,C113,2024-06-26,Clothing,Shoes,1,2500,2500,North,Debit Card
O1325,C073,2024-09-03,Electronics,Laptop,1,60000,60000,West,Credit Card
O1326,C253,2024-08-15,Electronics,Tablet,3,30000,90000,East,Cash
O1327,C053,2024-05-02,Groceries,Eggs,5,6,30,East,UPI
O1328,C092,2024-05-18,Clothing,Shoes,2,2500,5000,East,Credit Card
O1329,C062,2023-11-16,Home & Kitchen,Sofa,2,15000,30000,West,Credit Card
O1330,C220,2024-01-02,Home & Kitchen,Bed,3,20000,60000,West,Debit Card
O1331,C021,2023-05-16,Home & Kitchen,Sofa,2,15000,30000,South,UPI
O1332,C208,2024-02-04,Groceries,Eggs,1,6,6,North,Cash
O1333,C252,2023-06-23,Electronics,Tablet,5,30000,150000,East,Net Banking
O1334,C079,2023-05-27,Sports,Football,4,800,3200,West,Debit Card
O1335,C049,2024-12-09,Home & Kitchen,Cookware,2,3000,6000,South,UPI
O1336,C094,2024-10-23,Clothing,Jacket,1,3500,3500,North,Net Banking
O1337,C055,2024-06-27,Clothing,Shirt,4,1200,4800,West,Credit Card
O1338,C098,2024-06-13,Clothing,Shoes,5,2500,12500,South,Credit Card
O1339,C052,2024-08-24,Groceries,Eggs,4,6,24,South,Debit Card
O1340,C157,2024-07-06,Clothing,Shirt,1,1200,1200,South,Debit Card
O1341,C255,2023-05-24,Groceries,Rice,4,50,200,South,Cash
O1342,C239,2024-06-30,Clothing,Jeans,3,2000,6000,East,Credit Card
O1343,C081,2024-03-13,Sports,Cricket Bat,4,1500,6000,East,UPI
O1344,C098,2023-03-13,Home & Kitchen,Cookware,2,3000,6000,East,Cash
O1345,C104,2024-01-08,Groceries,Wheat,2,40,80,West,Debit Card
O1346,C195,2023-05-21,Groceries,Eggs,3,6,18,East,UPI
O1347,C225,2023-06-22,Clothing,Jacket,1,3500,3500,East,Cash
O1348,C035,2023-01-23,Home & Kitchen,Bed,2,20000,40000,East,Debit Card
O1349,C120,2023-04-01,Groceries,Eggs,5,6,30,West,Debit Card
O1350,C088,2023-07-14,Electronics,Headphones,2,2000,4000,North,Debit Card
O1351,C141,2024-03-22,Home & Kitchen,Mixer,2,4000,8000,North,Net Banking
O1352,C111,2023-05-28,Clothing,Shoes,1,2500,2500,North,Net Banking
O1353,C109,2024-09-06,Electronics,Laptop,4,60000,240000,East,Cash
O1354,C185,2024-12-03,Sports,Yoga Mat,2,600,1200,South,Credit Card
O1355,C286,2023-09-16,Clothing,Jeans,3,2000,6000,East,Debit Card
O1356,C163,2024-08-13,Clothing,Jacket,4,3500,14000,South,Credit Card
O1357,C065,2023-05-21,Groceries,Milk,5,25,125,West,Debit Card
O1358,C238,2023-02-16,Sports,Tennis Racket,1,2200,2200,West,Credit Card
O1359,C140,2024-08-14,Groceries,Wheat,5,40,200,South,Debit Card
O1360,C069,2023-07-05,Home & Kitchen,Sofa,4,15000,60000,North,Cash
O1361,C202,2023-01-02,Sports,Cricket Bat,4,1500,6000,West,Credit Card
O1362,C290,2023-09-06,Clothing,Jacket,4,3500,14000,West,Credit Card
O1363,C138,2024-09-24,Electronics,Laptop,5,60000,300000,North,Net Banking
O1364,C087,2023-12-10,Home & Kitchen,Mixer,4,4000,16000,South,Credit Card
O1365,C080,2023-03-27,Home & Kitchen,Cookware,5,3000,15000,North,UPI
O1366,C050,2024-02-16,Electronics,Laptop,4,60000,240000,West,Net Banking
O1367,C173,2023-08-03,Groceries,Eggs,3,6,18,South,Debit Card
O1368,C234,2024-10-13,Clothing,Jeans,4,2000,8000,East,Debit Card
O1369,C238,2024-09-11,Sports,Tennis Racket,5,2200,11000,West,UPI
O1370,C196,2024-02-01,Clothing,Shoes,2,2500,5000,North,Credit Card
O1371,C088,2024-11-05,Home & Kitchen,Mixer,4,4000,16000,North,UPI
O1372,C238,2024-09-11,Electronics,Tablet,2,30000,60000,South,Credit Card
O1373,C281,2024-10-14,Groceries,Wheat,3,40,120,North,Debit Card
O1374,C152,2024-02-22,Electronics,Laptop,1,60000,60000,North,UPI
O1375,C238,2024-02-19,Groceries,Milk,3,25,75,West,Credit Card
O1376,C068,2023-12-08,Clothing,Jeans,4,2000,8000,South,Credit Card
O1377,C140,2023-11-16,Sports,Cricket Bat,2,1500,3000,North,Cash
O1378,C061,2024-11-28,Electronics,Laptop,2,60000,120000,North,Net Banking
O1379,C008,2024-07-20,Electronics,Smartphone,5,25000,125000,South,Cash
O1380,C087,2023-10-14,Electronics,Tablet,2,30000,60000,South,Debit Card
O1381,C002,2023-06-11,Electronics,Laptop,5,60000,300000,East,Cash
O1382,C010,2023-02-14,Sports,Football,1,800,800,West,UPI
O1383,C105,2024-05-09,Clothing,Jeans,4,2000,8000,South,UPI
O1384,C076,2024-09-19,Home & Kitchen,Bed,5,20000,100000,East,Net Banking
O1385,C228,2023-10-08,Clothing,Shirt,1,1200,1200,East,UPI
O1386,C013,2024-11-24,Groceries,Wheat,2,40,80,West,Net Banking
O1387,C255,2024-02-04,Electronics,Smartphone,2,25000,50000,North,Net Banking
O1388,C153,2024-07-19,Sports,Yoga Mat,1,600,600,East,Debit Card
O1389,C054,2024-04-29,Sports,Cricket Bat,2,1500,3000,West,Debit Card
O1390,C147,2023-06-22,Electronics,Headphones,1,2000,2000,East,Cash
O1391,C020,2024-10-27,Clothing,Jacket,5,3500,17500,West,Net Banking
O1392,C028,2023-09-27,Groceries,Milk,5,25,125,West,Credit Card
O1393,C078,2023-12-12,Sports,Yoga Mat,1,600,600,East,Debit Card
O1394,C082,2023-03-02,Sports,Football,5,800,4000,South,Credit Card
O1395,C281,2024-02-06,Clothing,Jacket,5,3500,17500,East,Credit Card
O1396,C221,2023-08-08,Home & Kitchen,Sofa,5,15000,75000,East,Debit Card
O1397,C041,2023-11-04,Clothing,Shoes,3,2500,7500,North,Net Banking
O1398,C287,2023-06-01,Home & Kitchen,Bed,4,20000,80000,West,Net Banking
O1399,C051,2024-01-21,Sports,Tennis Racket,2,2200,4400,West,Debit Card
O1400,C161,2024-07-29,Home & Kitchen,Sofa,3,15000,45000,South,Debit Card
O1401,C029,2024-01-13,Electronics,Tablet,5,30000,150000,North,Credit Card
O1402,C114,2024-06-30,Home & Kitchen,Bed,1,20000,20000,East,UPI
O1403,C143,2024-12-13,Home & Kitchen,Cookware,5,3000,15000,North,Cash
O1404,C100,2023-03-22,Groceries,Rice,4,50,200,East,Credit Card
O1405,C101,2023-02-28,Sports,Cricket Bat,5,1500,7500,South,Cash
O1406,C027,2024-04-08,Groceries,Wheat,1,40,40,East,Cash
O1407,C179,2024-04-24,Electronics,Laptop,4,60000,240000,East,Cash
O1408,C095,2023-01-01,Electronics,Tablet,5,30000,150000,South,Credit Card
O1409,C020,2024-06-17,Groceries,Wheat,4,40,160,North,Net Banking
O1410,C276,2023-03-31,Electronics,Tablet,2,30000,60000,South,Credit Card
O1411,C090,2023-03-16,Electronics,Tablet,2,30000,60000,North,Net Banking
O1412,C095,2023-03-06,Electronics,Headphones,5,2000,10000,West,UPI
O1413,C142,2024-07-15,Sports,Football,4,800,3200,North,Cash
O1414,C191,2023-01-30,Electronics,Tablet,1,30000,30000,North,Debit Card
O1415,C046,2024-05-26,Sports,Football,5,800,4000,West,Credit Card
O1416,C199,2023-04-03,Electronics,Laptop,2,60000,120000,West,Credit Card
O1417,C288,2023-05-06,Sports,Tennis Racket,2,2200,4400,East,Credit Card
O1418,C089,2024-04-06,Clothing,Shoes,5,2500,12500,East,UPI
O1419,C028,2024-02-14,Groceries,Rice,4,50,200,East,Net Banking
O1420,C124,2024-03-07,Home & Kitchen,Sofa,2,15000,30000,East,Net Banking
O1421,C206,2024-08-15,Home & Kitchen,Sofa,4,15000,60000,South,UPI
O1422,C268,2024-06-12,Clothing,Shirt,2,1200,2400,West,Credit Card
O1423,C118,2023-01-08,Home & Kitchen,Sofa,2,15000,30000,West,Debit Card
O1424,C255,2024-12-04,Home & Kitchen,Bed,3,20000,60000,North,Net Banking
O1425,C164,2023-09-22,Electronics,Tablet,2,30000,60000,South,Net Banking
O1426,C163,2024-10-05,Groceries,Rice,1,50,50,West,Cash
O1427,C065,2024-11-18,Sports,Yoga Mat,5,600,3000,East,Net Banking
O1428,C024,2024-08-23,Electronics,Laptop,5,60000,300000,West,Net Banking
O1429,C075,2024-01-14,Sports,Tennis Racket,4,2200,8800,West,UPI
O1430,C055,2023-10-29,Sports,Yoga Mat,2,600,1200,North,Cash
O1431,C205,2024-05-01,Electronics,Smartphone,1,25000,25000,South,UPI
O1432,C275,2023-09-10,Home & Kitchen,Mixer,4,4000,16000,East,UPI
O1433,C030,2024-11-14,Sports,Yoga Mat,3,600,1800,South,Debit Card
O1434,C217,2024-12-18,Electronics,Tablet,4,30000,120000,South,Cash
O1435,C096,2023-11-28,Electronics,Tablet,4,30000,120000,West,Debit Card
O1436,C164,2024-11-05,Electronics,Headphones,2,2000,4000,East,Cash
O1437,C298,2024-01-14,Clothing,Jacket,3,3500,10500,West,Net Banking
O1438,C219,2023-04-16,Groceries,Wheat,4,40,160,West,Cash
O1439,C153,2023-03-23,Clothing,Shirt,1,1200,1200,West,Debit Card
O1440,C258,2023-01-19,Electronics,Laptop,1,60000,60000,East,Debit Card
O1441,C113,2024-10-07,Electronics,Headphones,5,2000,10000,East,Net Banking
O1442,C121,2024-01-27,Groceries,Wheat,3,40,120,South,UPI
O1443,C221,2024-06-03,Electronics,Laptop,3,60000,180000,West,Cash
O1444,C138,2024-04-21,Electronics,Headphones,5,2000,10000,North,Net Banking
O1445,C162,2024-12-17,Clothing,Shoes,4,2500,10000,West,Cash
O1446,C258,2023-07-06,Clothing,Jacket,3,3500,10500,South,Cash
O1447,C296,2024-08-03,Sports,Cricket Bat,1,1500,1500,East,UPI
O1448,C039,2023-07-04,Groceries,Milk,1,25,25,South,Debit Card
O1449,C065,2023-07-13,Home & Kitchen,Cookware,2,3000,6000,North,Cash
O1450,C233,2024-09-27,Home & Kitchen,Sofa,3,15000,45000,East,Credit Card
O1451,C160,2023-12-22,Electronics,Tablet,4,30000,120000,East,Net Banking
O1452,C022,2023-12-14,Groceries,Eggs,5,6,30,South,Credit Card
O1453,C146,2024-06-17,Home & Kitchen,Mixer,5,4000,20000,South,Credit Card
O1454,C226,2024-11-18,Groceries,Milk,4,25,100,East,Credit Card
O1455,C100,2024-07-11,Home & Kitchen,Bed,2,20000,40000,South,Credit Card
O1456,C041,2023-05-22,Sports,Cricket Bat,5,1500,7500,West,Credit Card
O1457,C160,2024-12-08,Clothing,Jeans,3,2000,6000,North,UPI
O1458,C146,2023-03-26,Electronics,Tablet,2,30000,60000,South,Net Banking
O1459,C028,2024-03-31,Sports,Cricket Bat,3,1500,4500,North,UPI
O1460,C263,2024-02-12,Clothing,Shoes,1,2500,2500,East,Net Banking
O1461,C161,2023-11-03,Clothing,Shirt,2,1200,2400,South,UPI
O1462,C175,2024-08-16,Clothing,Shirt,5,1200,6000,South,Cash
O1463,C123,2024-06-10,Home & Kitchen,Cookware,2,3000,6000,West,Cash
O1464,C002,2024-04-02,Clothing,Shoes,2,2500,5000,West,UPI
O1465,C216,2023-01-02,Sports,Tennis Racket,2,2200,4400,East,Debit Card
O1466,C214,2024-07-04,Clothing,Jacket,2,3500,7000,South,Net Banking
O1467,C169,2024-08-27,Home & Kitchen,Bed,3,20000,60000,West,Net Banking
O1468,C226,2024-01-14,Clothing,Shoes,1,2500,2500,North,Credit Card
O1469,C264,2023-10-05,Home & Kitchen,Cookware,4,3000,12000,South,Credit Card
O1470,C084,2023-01-10,Home & Kitchen,Mixer,2,4000,8000,West,Net Banking
O1471,C189,2024-06-07,Sports,Tennis Racket,5,2200,11000,East,Net Banking
O1472,C132,2024-03-19,Clothing,Shirt,2,1200,2400,East,Debit Card
O1473,C157,2023-06-12,Clothing,Shirt,5,1200,6000,East,Credit Card
O1474,C262,2023-02-25,Groceries,Rice,3,50,150,North,Debit Card
O1475,C159,2024-01-27,Home & Kitchen,Bed,5,20000,100000,West,Credit Card
O1476,C092,2024-12-25,Groceries,Rice,4,50,200,South,Net Banking
O1477,C054,2024-03-28,Clothing,Shirt,1,1200,1200,East,Credit Card
O1478,C161,2023-01-15,Electronics,Tablet,5,30000,150000,South,Net Banking
O1479,C002,2023-03-12,Groceries,Eggs,5,6,30,East,Credit Card
O1480,C124,2023-01-28,Home & Kitchen,Cookware,1,3000,3000,West,UPI
O1481,C188,2023-03-27,Home & Kitchen,Bed,4,20000,80000,North,Debit Card
O1482,C297,2023-04-14,Groceries,Wheat,2,40,80,South,UPI
O1483,C059,2023-11-10,Clothing,Jacket,5,3500,17500,North,Net Banking
O1484,C295,2024-03-04,Sports,Football,1,800,800,West,Net Banking
O1485,C127,2024-12-24,Electronics,Smartphone,3,25000,75000,East,Debit Card
O1486,C162,2023-02-27,Sports,Football,1,800,800,East,Debit Card
O1487,C120,2023-12-19,Groceries,Milk,3,25,75,South,Credit Card
O1488,C244,2023-06-15,Sports,Football,4,800,3200,East,Debit Card
O1489,C084,2024-06-29,Home & Kitchen,Sofa,2,15000,30000,North,Credit Card
O1490,C063,2023-11-05,Sports,Football,1,800,800,West,Debit Card
O1491,C239,2023-06-10,Electronics,Laptop,5,60000,300000,West,Net Banking
O1492,C195,2024-10-06,Home & Kitchen,Bed,4,20000,80000,South,UPI
O1493,C025,2023-05-03,Clothing,Shoes,1,2500,2500,East,UPI
O1494,C257,2023-12-14,Clothing,Shirt,5,1200,6000,West,Cash
O1495,C071,2023-01-12,Clothing,Shirt,1,1200,1200,West,Cash
O1496,C087,2023-06-18,Sports,Cricket Bat,3,1500,4500,South,Debit Card
O1497,C197,2023-01-05,Electronics,Laptop,1,60000,60000,West,Net Banking
O1498,C147,2023-12-03,Sports,Football,1,800,800,North,Net Banking
O1499,C251,2024-09-27,Sports,Football,1,800,800,East,UPI
O1500,C163,2024-04-08,Clothing,Jacket,4,3500,14000,East,Net Banking
O1501,C209,2024-06-30,Sports,Football,1,800,800,North,Credit Card
O1502,C157,2024-05-11,Sports,Football,5,800,4000,South,Net Banking
O1503,C259,2023-09-19,Sports,Football,3,800,2400,North,Cash
O1504,C105,2023-07-23,Electronics,Headphones,3,2000,6000,West,Net Banking
O1505,C227,2023-01-28,Sports,Football,1,800,800,South,Net Banking
O1506,C124,2023-01-28,Groceries,Wheat,4,40,160,West,Net Banking
O1507,C103,2023-09-19,Electronics,Smartphone,4,25000,100000,North,UPI
O1508,C082,2023-01-25,Groceries,Wheat,5,40,200,East,Debit Card
O1509,C179,2023-02-14,Home & Kitchen,Sofa,1,15000,15000,East,Credit Card
O1510,C051,2024-02-07,Home & Kitchen,Mixer,3,4000,12000,West,UPI
O1511,C298,2024-08-08,Clothing,Shoes,4,2500,10000,East,Cash
O1512,C143,2023-10-09,Home & Kitchen,Cookware,1,3000,3000,South,UPI
O1513,C048,2023-03-06,Groceries,Eggs,4,6,24,North,Net Banking
O1514,C017,2024-01-04,Sports,Yoga Mat,4,600,2400,South,Net Banking
O1515,C133,2024-11-15,Groceries,Wheat,3,40,120,West,Credit Card
O1516,C274,2024-07-27,Clothing,Jacket,2,3500,7000,West,UPI
O1517,C040,2023-02-21,Clothing,Jeans,5,2000,10000,North,Debit Card
O1518,C206,2024-11-29,Groceries,Eggs,5,6,30,North,UPI
O1519,C127,2024-09-27,Groceries,Eggs,3,6,18,West,Cash
O1520,C284,2023-12-06,Sports,Tennis Racket,4,2200,8800,South,Cash
O1521,C121,2023-06-14,Home & Kitchen,Cookware,1,3000,3000,North,Cash
O1522,C175,2024-03-08,Groceries,Rice,4,50,200,South,Cash
O1523,C155,2023-06-04,Electronics,Laptop,3,60000,180000,South,Debit Card
O1524,C122,2024-12-27,Sports,Tennis Racket,5,2200,11000,South,Credit Card
O1525,C065,2023-01-05,Home & Kitchen,Sofa,4,15000,60000,West,Credit Card
O1526,C153,2023-06-26,Electronics,Laptop,5,60000,300000,East,Credit Card
O1527,C073,2024-07-28,Home & Kitchen,Cookware,1,3000,3000,East,Credit Card
O1528,C168,2023-09-29,Home & Kitchen,Bed,5,20000,100000,West,Cash
O1529,C272,2023-11-14,Groceries,Wheat,5,40,200,West,Credit Card
O1530,C233,2024-11-11,Clothing,Jeans,2,2000,4000,East,Credit Card
O1531,C120,2023-03-15,Groceries,Milk,2,25,50,West,Net Banking
O1532,C192,2024-12-11,Clothing,Shirt,2,1200,2400,East,Debit Card
O1533,C016,2024-09-03,Electronics,Headphones,5,2000,10000,West,Net Banking
O1534,C296,2023-03-16,Clothing,Jacket,3,3500,10500,South,UPI
O1535,C202,2024-06-01,Clothing,Jeans,5,2000,10000,South,Cash
O1536,C058,2023-10-06,Clothing,Shoes,3,2500,7500,East,Debit Card
O1537,C067,2024-06-10,Home & Kitchen,Bed,3,20000,60000,North,Cash
O1538,C061,2024-07-17,Home & Kitchen,Bed,2,20000,40000,North,Net Banking
O1539,C274,2023-05-07,Groceries,Rice,4,50,200,North,UPI
O1540,C217,2024-09-20,Sports,Football,1,800,800,North,UPI
O1541,C230,2023-11-11,Groceries,Rice,2,50,100,South,Credit Card
O1542,C275,2023-05-24,Sports,Yoga Mat,2,600,1200,North,Debit Card
O1543,C199,2023-09-23,Groceries,Eggs,4,6,24,West,Net Banking
O1544,C136,2023-03-12,Clothing,Shoes,1,2500,2500,West,Debit Card
O1545,C284,2024-08-10,Electronics,Laptop,5,60000,300000,West,Debit Card
O1546,C122,2024-06-25,Clothing,Shirt,5,1200,6000,North,Debit Card
O1547,C172,2024-09-07,Groceries,Milk,2,25,50,North,Net Banking
O1548,C158,2023-05-06,Electronics,Headphones,1,2000,2000,North,Debit Card
O1549,C099,2023-01-09,Sports,Football,2,800,1600,South,Net Banking
O1550,C227,2024-09-16,Electronics,Tablet,3,30000,90000,East,Net Banking
O1551,C122,2023-01-26,Sports,Football,2,800,1600,West,Cash
O1552,C271,2024-01-06,Home & Kitchen,Cookware,2,3000,6000,North,Net Banking
O1553,C082,2023-08-31,Home & Kitchen,Sofa,5,15000,75000,East,UPI
O1554,C296,2023-10-17,Electronics,Laptop,5,60000,300000,East,Credit Card
O1555,C088,2023-12-22,Home & Kitchen,Bed,5,20000,100000,East,Credit Card
O1556,C044,2023-06-08,Home & Kitchen,Mixer,3,4000,12000,North,Net Banking
O1557,C005,2024-11-22,Groceries,Wheat,5,40,200,East,Credit Card
O1558,C097,2024-02-09,Electronics,Headphones,1,2000,2000,West,Cash
O1559,C044,2023-11-11,Clothing,Shoes,4,2500,10000,South,UPI
O1560,C288,2024-10-18,Sports,Football,1,800,800,East,UPI
O1561,C093,2024-04-03,Groceries,Rice,1,50,50,West,Debit Card
O1562,C215,2024-11-14,Groceries,Wheat,5,40,200,West,Cash
O1563,C179,2023-12-21,Groceries,Milk,4,25,100,North,UPI
O1564,C088,2024-10-16,Groceries,Rice,4,50,200,South,UPI
O1565,C220,2024-05-15,Clothing,Shirt,4,1200,4800,West,Cash
O1566,C112,2023-06-08,Groceries,Wheat,3,40,120,East,Credit Card
O1567,C094,2024-12-22,Clothing,Jeans,5,2000,10000,South,Net Banking
O1568,C040,2024-06-16,Groceries,Wheat,4,40,160,North,Debit Card
O1569,C185,2023-02-24,Clothing,Shirt,3,1200,3600,East,UPI
O1570,C259,2024-09-02,Home & Kitchen,Bed,2,20000,40000,East,Cash
O1571,C026,2023-10-24,Clothing,Jeans,2,2000,4000,North,UPI
O1572,C199,2023-12-27,Electronics,Headphones,3,2000,6000,North,Credit Card
O1573,C265,2023-11-27,Home & Kitchen,Bed,3,20000,60000,South,Cash
O1574,C056,2023-04-03,Electronics,Tablet,5,30000,150000,East,Credit Card
O1575,C055,2023-11-27,Sports,Cricket Bat,5,1500,7500,North,Credit Card
O1576,C126,2023-07-31,Sports,Yoga Mat,2,600,1200,West,Cash
O1577,C285,2023-10-31,Home & Kitchen,Bed,4,20000,80000,South,Debit Card
O1578,C181,2023-09-06,Sports,Cricket Bat,2,1500,3000,North,Credit Card
O1579,C001,2024-08-29,Home & Kitchen,Mixer,4,4000,16000,North,Cash
O1580,C169,2023-11-11,Electronics,Headphones,4,2000,8000,West,Debit Card
O1581,C178,2023-10-23,Home & Kitchen,Mixer,5,4000,20000,West,Debit Card
O1582,C126,2024-10-14,Sports,Football,1,800,800,West,Net Banking
O1583,C006,2023-01-13,Electronics,Headphones,1,2000,2000,North,Net Banking
O1584,C275,2023-10-13,Clothing,Shoes,3,2500,7500,West,Debit Card
O1585,C193,2024-02-19,Sports,Tennis Racket,5,2200,11000,West,Debit Card
O1586,C162,2024-05-01,Groceries,Milk,4,25,100,North,Debit Card
O1587,C256,2024-12-24,Groceries,Wheat,1,40,40,South,Debit Card
O1588,C240,2023-06-21,Electronics,Tablet,4,30000,120000,West,Debit Card
O1589,C045,2024-08-16,Home & Kitchen,Cookware,1,3000,3000,North,Net Banking
O1590,C196,2024-01-18,Groceries,Wheat,1,40,40,North,UPI
O1591,C163,2023-03-02,Electronics,Tablet,1,30000,30000,West,Debit Card
O1592,C227,2023-08-15,Electronics,Headphones,5,2000,10000,East,Credit Card
O1593,C255,2023-11-01,Home & Kitchen,Bed,2,20000,40000,North,Credit Card
O1594,C156,2024-05-11,Electronics,Smartphone,4,25000,100000,West,Net Banking
O1595,C026,2023-06-21,Home & Kitchen,Bed,5,20000,100000,North,UPI
O1596,C193,2023-04-15,Electronics,Headphones,5,2000,10000,East,Net Banking
O1597,C049,2023-04-21,Home & Kitchen,Sofa,5,15000,75000,North,Credit Card
O1598,C007,2024-06-12,Groceries,Eggs,5,6,30,South,Cash
O1599,C235,2023-11-29,Electronics,Tablet,5,30000,150000,South,Debit Card
O1600,C079,2024-10-06,Groceries,Milk,3,25,75,East,Credit Card
O1601,C004,2023-08-10,Sports,Tennis Racket,4,2200,8800,East,Cash
O1602,C180,2023-09-27,Groceries,Rice,5,50,250,West,Debit Card
O1603,C221,2023-09-17,Clothing,Jacket,4,3500,14000,North,Net Banking
O1604,C214,2024-07-09,Groceries,Eggs,3,6,18,West,Cash
O1605,C159,2023-07-14,Home & Kitchen,Mixer,3,4000,12000,North,Debit Card
O1606,C021,2023-11-26,Electronics,Tablet,4,30000,120000,East,Cash
O1607,C091,2023-10-31,Home & Kitchen,Bed,1,20000,20000,East,UPI
O1608,C215,2023-07-08,Groceries,Milk,2,25,50,South,Debit Card
O1609,C206,2024-04-14,Groceries,Wheat,1,40,40,South,Net Banking
O1610,C152,2024-09-15,Groceries,Eggs,1,6,6,West,Debit Card
O1611,C120,2023-02-14,Sports,Tennis Racket,1,2200,2200,East,Cash
O1612,C228,2023-05-01,Electronics,Smartphone,5,25000,125000,West,Cash
O1613,C176,2023-08-26,Clothing,Shoes,3,2500,7500,East,Cash
O1614,C257,2023-06-22,Home & Kitchen,Sofa,1,15000,15000,West,Debit Card
O1615,C139,2023-03-07,Clothing,Shirt,3,1200,3600,East,Debit Card
O1616,C133,2024-06-24,Sports,Tennis Racket,4,2200,8800,West,Credit Card
O1617,C289,2023-06-15,Home & Kitchen,Bed,2,20000,40000,West,Cash
O1618,C209,2024-09-07,Groceries,Wheat,4,40,160,East,UPI
O1619,C244,2023-03-28,Sports,Tennis Racket,4,2200,8800,North,Debit Card
O1620,C123,2024-03-08,Electronics,Laptop,5,60000,300000,West,Debit Card
O1621,C228,2024-03-18,Groceries,Milk,2,25,50,East,Cash
O1622,C102,2023-11-23,Clothing,Jacket,4,3500,14000,South,Net Banking
O1623,C063,2023-10-17,Clothing,Jacket,4,3500,14000,North,Cash
O1624,C194,2023-05-30,Home & Kitchen,Cookware,2,3000,6000,North,Debit Card
O1625,C109,2024-06-17,Groceries,Wheat,2,40,80,South,Net Banking
O1626,C089,2023-04-24,Home & Kitchen,Mixer,4,4000,16000,East,Cash
O1627,C149,2023-05-08,Electronics,Tablet,2,30000,60000,South,Debit Card
O1628,C078,2023-12-24,Home & Kitchen,Bed,4,20000,80000,North,Credit Card
O1629,C170,2024-04-16,Electronics,Laptop,4,60000,240000,North,Net Banking
O1630,C189,2024-12-12,Clothing,Jacket,5,3500,17500,North,Net Banking
O1631,C195,2023-07-06,Electronics,Laptop,1,60000,60000,East,Debit Card
O1632,C226,2023-01-29,Clothing,Shirt,4,1200,4800,East,Debit Card
O1633,C290,2024-05-19,Clothing,Jeans,3,2000,6000,South,Net Banking
O1634,C160,2024-04-01,Groceries,Wheat,1,40,40,North,Credit Card
O1635,C144,2023-08-07,Sports,Cricket Bat,1,1500,1500,East,Cash
O1636,C160,2023-09-14,Sports,Cricket Bat,1,1500,1500,West,Net Banking
O1637,C093,2023-04-26,Clothing,Jacket,5,3500,17500,South,Net Banking
O1638,C021,2023-10-23,Sports,Football,4,800,3200,South,Cash
O1639,C106,2024-06-26,Groceries,Rice,5,50,250,North,Credit Card
O1640,C245,2024-10-04,Sports,Tennis Racket,4,2200,8800,West,Debit Card
O1641,C106,2023-09-06,Electronics,Tablet,5,30000,150000,North,Net Banking
O1642,C199,2024-10-02,Electronics,Laptop,5,60000,300000,North,Credit Card
O1643,C173,2023-07-27,Electronics,Smartphone,3,25000,75000,South,Net Banking
O1644,C197,2024-12-11,Home & Kitchen,Bed,5,20000,100000,East,Debit Card
O1645,C026,2023-08-04,Clothing,Shoes,2,2500,5000,West,UPI
O1646,C202,2023-03-06,Sports,Yoga Mat,3,600,1800,East,UPI
O1647,C082,2024-12-24,Sports,Football,5,800,4000,East,Credit Card
O1648,C300,2024-05-07,Home & Kitchen,Mixer,1,4000,4000,West,Cash
O1649,C282,2023-05-26,Clothing,Jeans,2,2000,4000,South,Credit Card
O1650,C222,2023-03-17,Clothing,Jeans,2,2000,4000,South,Credit Card
O1651,C172,2023-12-11,Clothing,Shirt,2,1200,2400,West,Debit Card
O1652,C011,2024-10-08,Electronics,Smartphone,3,25000,75000,North,Net Banking
O1653,C242,2023-03-11,Electronics,Laptop,5,60000,300000,South,Cash
O1654,C032,2023-08-04,Home & Kitchen,Bed,5,20000,100000,North,Credit Card
O1655,C159,2024-09-03,Clothing,Jeans,1,2000,2000,North,UPI
O1656,C266,2023-04-07,Clothing,Jeans,1,2000,2000,East,Cash
O1657,C267,2023-12-16,Groceries,Wheat,2,40,80,South,UPI
O1658,C004,2023-10-03,Clothing,Shirt,1,1200,1200,East,Cash
O1659,C141,2023-08-30,Home & Kitchen,Mixer,3,4000,12000,West,Cash
O1660,C213,2023-05-21,Electronics,Tablet,5,30000,150000,East,Credit Card
O1661,C231,2024-06-14,Groceries,Wheat,2,40,80,South,Net Banking
O1662,C085,2024-07-01,Electronics,Smartphone,1,25000,25000,East,Debit Card
O1663,C018,2024-01-23,Sports,Yoga Mat,3,600,1800,South,Debit Card
O1664,C130,2023-05-28,Home & Kitchen,Sofa,3,15000,45000,East,UPI
O1665,C300,2024-08-16,Sports,Tennis Racket,1,2200,2200,East,Cash
O1666,C193,2023-02-05,Clothing,Shirt,5,1200,6000,East,Net Banking
O1667,C236,2023-11-16,Groceries,Wheat,1,40,40,South,Cash
O1668,C212,2023-07-28,Home & Kitchen,Sofa,2,15000,30000,East,Credit Card
O1669,C144,2023-12-09,Sports,Cricket Bat,1,1500,1500,North,UPI
O1670,C138,2024-12-10,Groceries,Milk,3,25,75,South,UPI
O1671,C189,2024-09-17,Home & Kitchen,Mixer,1,4000,4000,North,Credit Card
O1672,C235,2023-08-07,Clothing,Jeans,5,2000,10000,South,Debit Card
O1673,C194,2024-09-02,Clothing,Jeans,4,2000,8000,North,UPI
O1674,C147,2023-06-21,Groceries,Wheat,1,40,40,South,Credit Card
O1675,C094,2024-05-03,Sports,Tennis Racket,5,2200,11000,West,UPI
O1676,C122,2024-07-04,Groceries,Eggs,5,6,30,West,Debit Card
O1677,C022,2024-10-25,Sports,Yoga Mat,3,600,1800,North,Credit Card
O1678,C097,2023-08-21,Home & Kitchen,Cookware,5,3000,15000,East,UPI
O1679,C167,2023-11-16,Groceries,Eggs,5,6,30,North,Credit Card
O1680,C123,2024-12-17,Groceries,Eggs,5,6,30,North,Credit Card
O1681,C299,2024-08-27,Electronics,Headphones,5,2000,10000,West,Net Banking
O1682,C169,2023-08-28,Groceries,Rice,2,50,100,East,UPI
O1683,C215,2024-06-30,Home & Kitchen,Bed,2,20000,40000,North,Credit Card
O1684,C121,2024-03-17,Groceries,Eggs,3,6,18,West,Debit Card
O1685,C189,2024-02-22,Clothing,Shirt,1,1200,1200,West,Debit Card
O1686,C232,2023-01-30,Home & Kitchen,Bed,5,20000,100000,West,UPI
O1687,C111,2023-05-17,Home & Kitchen,Bed,1,20000,20000,North,Cash
O1688,C001,2023-02-14,Clothing,Shoes,1,2500,2500,East,Net Banking
O1689,C212,2023-03-29,Home & Kitchen,Bed,3,20000,60000,West,Debit Card
O1690,C099,2024-01-11,Clothing,Shirt,5,1200,6000,East,Credit Card
O1691,C048,2024-03-06,Groceries,Wheat,5,40,200,South,Credit Card
O1692,C292,2024-06-21,Clothing,Jacket,4,3500,14000,West,UPI
O1693,C155,2024-02-03,Sports,Cricket Bat,1,1500,1500,North,Net Banking
O1694,C059,2024-03-24,Home & Kitchen,Cookware,1,3000,3000,South,UPI
O1695,C166,2024-01-17,Groceries,Rice,2,50,100,West,UPI
O1696,C220,2024-06-03,Clothing,Jeans,4,2000,8000,East,Debit Card
O1697,C144,2024-03-11,Sports,Football,2,800,1600,West,Debit Card
O1698,C080,2024-04-11,Home & Kitchen,Sofa,2,15000,30000,South,Credit Card
O1699,C138,2024-03-30,Electronics,Smartphone,2,25000,50000,North,Cash
O1700,C055,2024-08-30,Home & Kitchen,Cookware,3,3000,9000,East,Debit Card
O1701,C122,2023-06-28,Sports,Yoga Mat,3,600,1800,South,Credit Card
O1702,C230,2023-11-15,Sports,Football,2,800,1600,South,UPI
O1703,C145,2024-07-01,Electronics,Laptop,4,60000,240000,East,UPI
O1704,C025,2023-03-29,Groceries,Rice,1,50,50,North,Debit Card
O1705,C181,2024-10-09,Home & Kitchen,Sofa,4,15000,60000,East,UPI
O1706,C210,2024-10-31,Clothing,Shoes,5,2500,12500,West,Cash
O1707,C142,2023-05-24,Home & Kitchen,Mixer,3,4000,12000,West,Cash
O1708,C258,2024-03-28,Electronics,Laptop,1,60000,60000,South,Debit Card
O1709,C216,2023-10-25,Sports,Yoga Mat,1,600,600,West,Net Banking
O1710,C111,2023-02-28,Groceries,Wheat,5,40,200,East,Net Banking
O1711,C287,2023-01-28,Clothing,Shoes,5,2500,12500,North,Credit Card
O1712,C122,2024-08-07,Sports,Cricket Bat,2,1500,3000,South,Debit Card
O1713,C291,2023-12-16,Home & Kitchen,Sofa,3,15000,45000,East,UPI
O1714,C247,2024-06-07,Electronics,Smartphone,3,25000,75000,North,UPI
O1715,C298,2024-08-11,Sports,Yoga Mat,4,600,2400,North,UPI
O1716,C197,2024-07-18,Sports,Yoga Mat,2,600,1200,West,Cash
O1717,C187,2024-04-17,Clothing,Jeans,2,2000,4000,West,Cash
O1718,C082,2024-12-22,Electronics,Tablet,2,30000,60000,West,Credit Card
O1719,C017,2024-03-05,Electronics,Smartphone,2,25000,50000,West,Debit Card
O1720,C168,2023-07-24,Electronics,Smartphone,3,25000,75000,East,UPI
O1721,C298,2023-07-17,Clothing,Shirt,3,1200,3600,North,Cash
O1722,C199,2023-05-23,Electronics,Tablet,2,30000,60000,North,Debit Card
O1723,C196,2023-01-25,Clothing,Jeans,4,2000,8000,North,Debit Card
O1724,C009,2024-04-11,Electronics,Headphones,1,2000,2000,West,Net Banking
O1725,C076,2023-05-06,Groceries,Wheat,1,40,40,East,Cash
O1726,C110,2023-04-09,Electronics,Smartphone,4,25000,100000,East,Credit Card
O1727,C054,2024-10-09,Groceries,Eggs,2,6,12,West,Cash
O1728,C182,2023-02-01,Electronics,Smartphone,3,25000,75000,North,Net Banking
O1729,C079,2024-02-09,Home & Kitchen,Mixer,1,4000,4000,East,Credit Card
O1730,C188,2024-09-30,Home & Kitchen,Mixer,5,4000,20000,East,Net Banking
O1731,C255,2023-07-24,Groceries,Rice,5,50,250,East,Debit Card
O1732,C120,2023-10-04,Clothing,Shirt,4,1200,4800,South,Credit Card
O1733,C013,2023-12-13,Electronics,Laptop,2,60000,120000,North,Credit Card
O1734,C243,2024-02-04,Clothing,Jeans,1,2000,2000,East,UPI
O1735,C067,2024-03-25,Clothing,Jacket,2,3500,7000,East,Credit Card
O1736,C169,2023-11-17,Sports,Yoga Mat,1,600,600,West,Cash
O1737,C080,2024-04-15,Sports,Yoga Mat,4,600,2400,West,Debit Card
O1738,C032,2024-07-11,Groceries,Eggs,4,6,24,South,Credit Card
O1739,C157,2023-09-21,Home & Kitchen,Mixer,5,4000,20000,South,Debit Card
O1740,C078,2023-01-16,Sports,Tennis Racket,2,2200,4400,North,Credit Card
O1741,C171,2024-12-02,Electronics,Smartphone,5,25000,125000,North,Debit Card
O1742,C227,2023-02-16,Sports,Cricket Bat,2,1500,3000,West,Net Banking
O1743,C188,2023-01-25,Clothing,Jeans,5,2000,10000,West,Credit Card
O1744,C232,2024-04-01,Home & Kitchen,Cookware,3,3000,9000,North,Credit Card
O1745,C087,2023-01-21,Sports,Tennis Racket,3,2200,6600,North,UPI
O1746,C080,2023-05-09,Electronics,Smartphone,3,25000,75000,South,Debit Card
O1747,C219,2024-07-16,Groceries,Eggs,3,6,18,North,UPI
O1748,C267,2024-07-24,Electronics,Laptop,1,60000,60000,South,Net Banking
O1749,C122,2024-08-25,Sports,Football,3,800,2400,North,Cash
O1750,C288,2024-06-10,Groceries,Rice,4,50,200,West,Credit Card
O1751,C243,2023-07-28,Sports,Football,4,800,3200,East,Credit Card
O1752,C163,2024-08-07,Home & Kitchen,Bed,1,20000,20000,North,UPI
O1753,C170,2023-10-19,Electronics,Tablet,3,30000,90000,South,UPI
O1754,C219,2023-02-11,Clothing,Jeans,3,2000,6000,East,UPI
O1755,C183,2023-10-14,Home & Kitchen,Bed,3,20000,60000,East,UPI
O1756,C118,2023-05-23,Electronics,Smartphone,5,25000,125000,South,UPI
O1757,C231,2024-01-08,Clothing,Shirt,2,1200,2400,East,Net Banking
O1758,C147,2023-03-06,Sports,Cricket Bat,5,1500,7500,South,Cash
O1759,C176,2023-10-16,Sports,Football,2,800,1600,South,Net Banking
O1760,C043,2023-10-03,Groceries,Eggs,3,6,18,North,Debit Card
O1761,C126,2023-02-06,Clothing,Shirt,3,1200,3600,North,Cash
O1762,C057,2023-10-03,Groceries,Milk,5,25,125,South,UPI
O1763,C233,2024-04-10,Groceries,Eggs,5,6,30,East,UPI
O1764,C241,2024-10-16,Home & Kitchen,Mixer,2,4000,8000,West,Credit Card
O1765,C242,2024-02-09,Home & Kitchen,Mixer,4,4000,16000,South,Debit Card
O1766,C119,2023-11-08,Electronics,Tablet,2,30000,60000,West,Debit Card
O1767,C093,2024-12-06,Clothing,Jeans,5,2000,10000,South,Debit Card
O1768,C221,2024-07-01,Electronics,Laptop,5,60000,300000,West,Cash
O1769,C174,2024-01-13,Clothing,Shirt,1,1200,1200,West,UPI
O1770,C086,2024-01-11,Groceries,Rice,5,50,250,East,UPI
O1771,C151,2023-04-10,Groceries,Milk,1,25,25,South,Cash
O1772,C190,2024-12-21,Sports,Football,4,800,3200,East,Cash
O1773,C154,2023-05-19,Home & Kitchen,Mixer,2,4000,8000,North,Credit Card
O1774,C206,2024-09-17,Electronics,Tablet,2,30000,60000,West,Net Banking
O1775,C110,2024-10-21,Sports,Cricket Bat,1,1500,1500,West,Credit Card
O1776,C131,2023-12-14,Groceries,Wheat,2,40,80,North,UPI
O1777,C194,2023-09-15,Home & Kitchen,Cookware,5,3000,15000,East,Cash
O1778,C113,2023-05-18,Sports,Tennis Racket,3,2200,6600,East,UPI
O1779,C098,2024-05-12,Groceries,Eggs,1,6,6,North,Debit Card
O1780,C015,2024-10-19,Groceries,Wheat,2,40,80,East,Net Banking
O1781,C032,2023-11-21,Clothing,Jeans,1,2000,2000,South,Cash
O1782,C112,2024-04-29,Electronics,Smartphone,1,25000,25000,West,Debit Card
O1783,C131,2024-01-19,Sports,Yoga Mat,3,600,1800,West,UPI
O1784,C077,2024-07-08,Sports,Tennis Racket,5,2200,11000,South,Debit Card
O1785,C152,2023-09-30,Clothing,Jacket,1,3500,3500,West,UPI
O1786,C022,2024-12-25,Groceries,Eggs,2,6,12,East,UPI
O1787,C233,2023-05-12,Electronics,Smartphone,4,25000,100000,East,Credit Card
O1788,C188,2024-01-26,Groceries,Rice,1,50,50,East,Credit Card
O1789,C294,2023-08-18,Clothing,Shoes,1,2500,2500,East,Net Banking
O1790,C261,2024-08-30,Electronics,Headphones,3,2000,6000,East,Credit Card
O1791,C089,2023-01-21,Home & Kitchen,Bed,5,20000,100000,East,Net Banking
O1792,C297,2023-10-23,Sports,Football,4,800,3200,South,Credit Card
O1793,C204,2024-10-17,Clothing,Jeans,2,2000,4000,East,Net Banking
O1794,C179,2023-05-11,Sports,Cricket Bat,4,1500,6000,West,Net Banking
O1795,C298,2023-07-05,Sports,Yoga Mat,2,600,1200,North,Cash
O1796,C027,2023-07-23,Groceries,Wheat,5,40,200,East,UPI
O1797,C251,2024-03-29,Sports,Yoga Mat,2,600,1200,North,UPI
O1798,C108,2024-09-12,Groceries,Rice,3,50,150,South,UPI
O1799,C096,2024-06-28,Groceries,Rice,3,50,150,East,Debit Card
O1800,C202,2024-07-18,Groceries,Wheat,3,40,120,East,UPI
O1801,C193,2023-10-30,Home & Kitchen,Mixer,3,4000,12000,West,UPI
O1802,C199,2023-03-18,Clothing,Shirt,4,1200,4800,East,Cash
O1803,C100,2024-07-01,Sports,Football,5,800,4000,South,UPI
O1804,C249,2023-09-03,Groceries,Wheat,2,40,80,North,Cash
O1805,C052,2024-08-15,Clothing,Jacket,2,3500,7000,North,Debit Card
O1806,C152,2024-08-03,Groceries,Wheat,3,40,120,East,UPI
O1807,C060,2023-12-30,Electronics,Tablet,3,30000,90000,West,Debit Card
O1808,C136,2024-12-09,Home & Kitchen,Cookware,1,3000,3000,East,Credit Card
O1809,C276,2023-06-11,Sports,Football,5,800,4000,South,Net Banking
O1810,C043,2023-12-13,Electronics,Smartphone,4,25000,100000,West,Debit Card
O1811,C278,2024-03-09,Sports,Cricket Bat,2,1500,3000,North,Cash
O1812,C226,2024-01-02,Clothing,Shoes,1,2500,2500,West,Debit Card
O1813,C075,2024-08-31,Clothing,Shoes,1,2500,2500,South,Cash
O1814,C006,2024-11-05,Electronics,Smartphone,2,25000,50000,North,Cash
O1815,C130,2024-08-12,Clothing,Jacket,4,3500,14000,North,Debit Card
O1816,C286,2023-02-04,Groceries,Wheat,1,40,40,North,Debit Card
O1817,C078,2023-03-17,Clothing,Jacket,1,3500,3500,North,UPI
O1818,C216,2024-11-18,Electronics,Headphones,5,2000,10000,East,Debit Card
O1819,C004,2023-08-28,Sports,Tennis Racket,4,2200,8800,East,Credit Card
O1820,C222,2024-10-19,Clothing,Shirt,1,1200,1200,North,Net Banking
O1821,C178,2023-01-17,Sports,Cricket Bat,4,1500,6000,South,UPI
O1822,C123,2023-03-14,Groceries,Milk,2,25,50,East,Cash
O1823,C041,2023-02-09,Electronics,Smartphone,3,25000,75000,East,Credit Card
O1824,C223,2023-07-23,Electronics,Smartphone,1,25000,25000,South,UPI
O1825,C201,2023-06-10,Home & Kitchen,Sofa,5,15000,75000,East,Net Banking
O1826,C262,2023-06-19,Groceries,Milk,2,25,50,West,Net Banking
O1827,C232,2023-11-28,Groceries,Rice,4,50,200,West,Credit Card
O1828,C191,2023-05-04,Groceries,Wheat,2,40,80,South,Debit Card
O1829,C108,2023-08-06,Clothing,Jeans,1,2000,2000,East,Debit Card
O1830,C119,2023-07-07,Groceries,Eggs,4,6,24,South,Debit Card
O1831,C235,2023-09-29,Groceries,Eggs,3,6,18,West,Cash
O1832,C179,2024-09-08,Groceries,Rice,2,50,100,North,Cash
O1833,C188,2024-07-28,Groceries,Wheat,1,40,40,West,Credit Card
O1834,C161,2024-10-07,Clothing,Jacket,5,3500,17500,North,Credit Card
O1835,C051,2023-07-27,Home & Kitchen,Mixer,4,4000,16000,South,Net Banking
O1836,C021,2023-07-09,Home & Kitchen,Sofa,2,15000,30000,West,Debit Card
O1837,C160,2024-05-19,Electronics,Headphones,2,2000,4000,North,Net Banking
O1838,C001,2024-04-02,Electronics,Headphones,3,2000,6000,South,Net Banking
O1839,C264,2023-02-25,Sports,Cricket Bat,3,1500,4500,South,Debit Card
O1840,C055,2023-12-13,Electronics,Laptop,5,60000,300000,South,Credit Card
O1841,C188,2023-05-10,Home & Kitchen,Bed,5,20000,100000,East,Credit Card
O1842,C186,2023-02-15,Groceries,Wheat,1,40,40,South,Net Banking
O1843,C293,2024-02-03,Electronics,Laptop,1,60000,60000,South,Credit Card
O1844,C245,2024-09-03,Clothing,Jacket,5,3500,17500,South,UPI
O1845,C254,2024-04-09,Electronics,Headphones,5,2000,10000,South,Debit Card
O1846,C108,2024-08-10,Electronics,Laptop,4,60000,240000,South,Credit Card
O1847,C278,2024-01-14,Home & Kitchen,Mixer,3,4000,12000,East,Net Banking
O1848,C237,2023-06-09,Home & Kitchen,Sofa,1,15000,15000,South,UPI
O1849,C103,2024-03-24,Groceries,Rice,3,50,150,West,Credit Card
O1850,C068,2023-07-25,Sports,Cricket Bat,3,1500,4500,East,Debit Card
O1851,C048,2023-03-09,Home & Kitchen,Bed,5,20000,100000,East,Cash
O1852,C051,2023-05-08,Groceries,Wheat,4,40,160,North,Cash
O1853,C166,2023-03-30,Sports,Tennis Racket,2,2200,4400,West,UPI
O1854,C116,2023-10-08,Electronics,Laptop,4,60000,240000,West,UPI
O1855,C028,2024-07-10,Home & Kitchen,Cookware,4,3000,12000,North,Debit Card
O1856,C211,2023-12-14,Clothing,Shirt,3,1200,3600,East,Debit Card
O1857,C209,2024-01-12,Sports,Cricket Bat,4,1500,6000,East,UPI
O1858,C024,2023-01-19,Electronics,Smartphone,1,25000,25000,South,UPI
O1859,C229,2023-04-29,Clothing,Shirt,3,1200,3600,West,Credit Card
O1860,C126,2024-03-23,Home & Kitchen,Cookware,1,3000,3000,North,Debit Card
O1861,C098,2023-05-21,Groceries,Eggs,2,6,12,East,UPI
O1862,C053,2024-10-11,Sports,Tennis Racket,3,2200,6600,East,Cash
O1863,C267,2024-04-12,Home & Kitchen,Bed,2,20000,40000,South,Debit Card
O1864,C079,2023-01-02,Electronics,Laptop,3,60000,180000,North,Credit Card
O1865,C149,2024-04-20,Home & Kitchen,Mixer,5,4000,20000,North,Cash
O1866,C018,2024-04-04,Home & Kitchen,Sofa,4,15000,60000,East,UPI
O1867,C034,2023-12-10,Groceries,Milk,5,25,125,West,Debit Card
O1868,C288,2023-08-05,Clothing,Jacket,2,3500,7000,East,Net Banking
O1869,C026,2023-06-13,Sports,Yoga Mat,4,600,2400,East,Cash
O1870,C294,2023-10-23,Sports,Yoga Mat,3,600,1800,North,Net Banking
O1871,C055,2023-04-19,Groceries,Eggs,4,6,24,South,UPI
O1872,C136,2024-04-09,Groceries,Wheat,1,40,40,North,Cash
O1873,C013,2023-08-23,Electronics,Laptop,4,60000,240000,North,UPI
O1874,C236,2024-02-14,Electronics,Headphones,1,2000,2000,East,Cash
O1875,C214,2023-06-05,Groceries,Rice,4,50,200,South,Net Banking
O1876,C166,2023-07-22,Sports,Cricket Bat,1,1500,1500,North,Net Banking
O1877,C114,2023-12-24,Groceries,Wheat,2,40,80,North,UPI
O1878,C075,2023-05-23,Home & Kitchen,Cookware,5,3000,15000,North,Net Banking
O1879,C029,2024-07-29,Home & Kitchen,Cookware,3,3000,9000,East,UPI
O1880,C255,2024-09-30,Clothing,Jacket,4,3500,14000,West,Credit Card
O1881,C022,2023-12-23,Home & Kitchen,Mixer,5,4000,20000,North,Cash
O1882,C188,2024-09-25,Electronics,Laptop,3,60000,180000,South,Debit Card
O1883,C111,2024-04-29,Sports,Yoga Mat,3,600,1800,North,UPI
O1884,C266,2023-04-10,Electronics,Laptop,1,60000,60000,East,UPI
O1885,C018,2023-06-16,Electronics,Tablet,2,30000,60000,East,Cash
O1886,C265,2023-06-07,Electronics,Smartphone,2,25000,50000,East,Credit Card
O1887,C131,2023-08-28,Electronics,Tablet,5,30000,150000,East,UPI
O1888,C079,2024-03-07,Sports,Yoga Mat,2,600,1200,West,UPI
O1889,C175,2023-02-01,Groceries,Rice,4,50,200,East,Net Banking
O1890,C024,2023-02-25,Clothing,Shirt,2,1200,2400,West,Debit Card
O1891,C034,2023-09-04,Clothing,Shirt,5,1200,6000,East,Credit Card
O1892,C249,2024-05-18,Sports,Yoga Mat,2,600,1200,West,Cash
O1893,C277,2024-01-27,Home & Kitchen,Bed,4,20000,80000,West,UPI
O1894,C273,2024-10-05,Clothing,Shirt,1,1200,1200,West,Debit Card
O1895,C292,2023-08-21,Clothing,Shirt,5,1200,6000,North,Cash
O1896,C269,2023-12-29,Clothing,Shoes,1,2500,2500,East,UPI
O1897,C115,2024-05-24,Clothing,Jacket,1,3500,3500,North,UPI
O1898,C276,2023-05-18,Home & Kitchen,Cookware,1,3000,3000,West,UPI
O1899,C080,2024-04-04,Groceries,Rice,3,50,150,West,UPI
O1900,C083,2024-12-19,Electronics,Headphones,3,2000,6000,South,Net Banking
O1901,C130,2024-09-19,Clothing,Shoes,1,2500,2500,North,Credit Card
O1902,C223,2023-06-11,Electronics,Headphones,5,2000,10000,North,Debit Card
O1903,C017,2024-05-06,Clothing,Jeans,4,2000,8000,East,Net Banking
O1904,C280,2024-11-30,Clothing,Jacket,4,3500,14000,West,Cash
O1905,C282,2024-03-11,Clothing,Jacket,2,3500,7000,West,Debit Card
O1906,C017,2024-11-07,Home & Kitchen,Cookware,5,3000,15000,North,Cash
O1907,C200,2024-01-05,Groceries,Wheat,3,40,120,South,Debit Card
O1908,C055,2024-08-13,Electronics,Laptop,1,60000,60000,South,Net Banking
O1909,C224,2024-12-18,Home & Kitchen,Bed,2,20000,40000,North,Credit Card
O1910,C078,2024-12-14,Home & Kitchen,Bed,4,20000,80000,West,UPI
O1911,C077,2024-02-07,Clothing,Shoes,3,2500,7500,West,Cash
O1912,C285,2024-11-16,Sports,Football,3,800,2400,East,Net Banking
O1913,C026,2024-01-23,Sports,Cricket Bat,1,1500,1500,West,Debit Card
O1914,C151,2023-07-27,Groceries,Eggs,4,6,24,North,Credit Card
O1915,C207,2023-07-10,Groceries,Wheat,5,40,200,East,Credit Card
O1916,C144,2024-08-22,Electronics,Smartphone,3,25000,75000,East,Cash
O1917,C246,2024-04-07,Groceries,Eggs,1,6,6,North,Cash
O1918,C198,2023-07-10,Sports,Yoga Mat,5,600,3000,West,Net Banking
O1919,C244,2023-05-19,Sports,Cricket Bat,4,1500,6000,North,Debit Card
O1920,C084,2024-06-10,Sports,Football,3,800,2400,South,Net Banking
O1921,C027,2023-05-23,Sports,Yoga Mat,5,600,3000,West,UPI
O1922,C122,2023-11-27,Home & Kitchen,Bed,5,20000,100000,West,UPI
O1923,C260,2023-10-20,Sports,Cricket Bat,5,1500,7500,East,Debit Card
O1924,C094,2024-10-17,Home & Kitchen,Mixer,3,4000,12000,North,UPI
O1925,C180,2024-12-13,Sports,Yoga Mat,3,600,1800,West,Net Banking
O1926,C275,2024-10-18,Groceries,Rice,2,50,100,South,Net Banking
O1927,C064,2023-07-31,Sports,Cricket Bat,4,1500,6000,North,Net Banking
O1928,C287,2023-11-05,Clothing,Shirt,1,1200,1200,East,UPI
O1929,C032,2023-07-29,Sports,Tennis Racket,5,2200,11000,East,UPI
O1930,C229,2023-03-14,Clothing,Jacket,2,3500,7000,East,Debit Card
O1931,C220,2024-03-03,Home & Kitchen,Mixer,1,4000,4000,West,Net Banking
O1932,C088,2024-05-05,Clothing,Jacket,2,3500,7000,West,Debit Card
O1933,C184,2023-05-17,Electronics,Tablet,3,30000,90000,North,Net Banking
O1934,C028,2023-07-13,Groceries,Wheat,5,40,200,East,Credit Card
O1935,C153,2023-05-17,Home & Kitchen,Cookware,1,3000,3000,East,UPI
O1936,C159,2024-08-02,Sports,Football,1,800,800,East,Cash
O1937,C113,2024-05-09,Home & Kitchen,Bed,1,20000,20000,North,Credit Card
O1938,C086,2023-02-23,Sports,Tennis Racket,1,2200,2200,South,Debit Card
O1939,C277,2024-12-21,Clothing,Shirt,1,1200,1200,East,Net Banking
O1940,C184,2024-10-21,Home & Kitchen,Sofa,2,15000,30000,North,UPI
O1941,C056,2024-10-16,Groceries,Rice,5,50,250,South,UPI
O1942,C075,2024-04-16,Electronics,Headphones,3,2000,6000,South,Debit Card
O1943,C047,2024-08-19,Electronics,Headphones,3,2000,6000,North,Net Banking
O1944,C089,2024-03-23,Sports,Cricket Bat,3,1500,4500,West,Cash
O1945,C001,2024-06-16,Home & Kitchen,Cookware,3,3000,9000,East,UPI
O1946,C282,2024-07-02,Groceries,Eggs,2,6,12,South,UPI
O1947,C172,2023-05-06,Clothing,Shirt,4,1200,4800,West,Net Banking
O1948,C222,2024-05-19,Sports,Cricket Bat,5,1500,7500,South,Credit Card
O1949,C080,2024-05-05,Groceries,Eggs,1,6,6,South,Credit Card
O1950,C276,2023-02-23,Home & Kitchen,Bed,4,20000,80000,West,Debit Card
O1951,C053,2024-10-16,Sports,Yoga Mat,3,600,1800,South,Net Banking
O1952,C091,2024-09-29,Clothing,Jacket,4,3500,14000,East,Credit Card
O1953,C231,2024-05-24,Electronics,Tablet,5,30000,150000,East,Debit Card
O1954,C210,2024-11-11,Groceries,Rice,1,50,50,West,UPI
O1955,C213,2023-12-07,Home & Kitchen,Bed,1,20000,20000,North,Net Banking
O1956,C261,2023-02-06,Groceries,Rice,5,50,250,East,Cash
O1957,C097,2024-04-27,Electronics,Smartphone,5,25000,125000,South,Debit Card
O1958,C142,2023-06-05,Home & Kitchen,Mixer,3,4000,12000,East,Net Banking
O1959,C150,2024-04-03,Clothing,Jacket,1,3500,3500,West,UPI
O1960,C163,2023-03-12,Clothing,Jacket,4,3500,14000,West,Cash
O1961,C036,2023-04-01,Home & Kitchen,Bed,2,20000,40000,East,Credit Card
O1962,C154,2024-12-07,Home & Kitchen,Mixer,2,4000,8000,East,Credit Card
O1963,C006,2024-06-13,Groceries,Eggs,5,6,30,South,Cash
O1964,C282,2024-09-01,Electronics,Smartphone,3,25000,75000,East,Credit Card
O1965,C246,2023-10-31,Sports,Yoga Mat,2,600,1200,North,Net Banking
O1966,C291,2024-08-14,Sports,Cricket Bat,1,1500,1500,North,Credit Card
O1967,C228,2023-03-01,Home & Kitchen,Cookware,5,3000,15000,West,Debit Card
O1968,C200,2024-06-19,Home & Kitchen,Bed,4,20000,80000,North,Net Banking
O1969,C130,2023-03-03,Electronics,Laptop,5,60000,300000,East,UPI
O1970,C151,2023-04-02,Clothing,Shirt,4,1200,4800,North,Cash
O1971,C184,2024-05-28,Home & Kitchen,Cookware,5,3000,15000,West,UPI
O1972,C158,2024-12-26,Sports,Cricket Bat,5,1500,7500,North,Debit Card
O1973,C120,2023-05-24,Clothing,Jacket,5,3500,17500,West,UPI
O1974,C099,2023-05-10,Clothing,Jacket,4,3500,14000,North,UPI
O1975,C250,2024-07-03,Home & Kitchen,Sofa,4,15000,60000,East,UPI
O1976,C067,2023-09-16,Groceries,Milk,5,25,125,West,Credit Card
O1977,C183,2023-12-05,Groceries,Milk,2,25,50,South,UPI
O1978,C032,2024-02-14,Sports,Yoga Mat,3,600,1800,North,UPI
O1979,C153,2024-06-18,Sports,Yoga Mat,3,600,1800,South,Cash
O1980,C258,2023-02-25,Electronics,Laptop,3,60000,180000,East,Net Banking
O1981,C028,2024-02-18,Groceries,Wheat,4,40,160,South,Debit Card
O1982,C286,2023-12-26,Sports,Football,4,800,3200,North,Credit Card
O1983,C275,2023-10-24,Home & Kitchen,Bed,2,20000,40000,West,Cash
O1984,C146,2023-08-26,Home & Kitchen,Cookware,3,3000,9000,East,Credit Card
O1985,C191,2023-07-25,Groceries,Eggs,3,6,18,East,Debit Card
O1986,C121,2023-07-02,Groceries,Wheat,5,40,200,East,Cash
O1987,C124,2024-09-14,Clothing,Shoes,4,2500,10000,North,Debit Card
O1988,C128,2023-08-10,Sports,Football,3,800,2400,East,Cash
O1989,C287,2023-09-30,Clothing,Jeans,2,2000,4000,West,Debit Card
O1990,C010,2023-11-04,Home & Kitchen,Bed,2,20000,40000,South,Credit Card
O1991,C230,2024-03-02,Sports,Cricket Bat,3,1500,4500,East,Net Banking
O1992,C298,2023-05-05,Electronics,Tablet,4,30000,120000,South,UPI
O1993,C005,2023-07-18,Sports,Football,2,800,1600,East,Debit Card
O1994,C129,2024-01-14,Clothing,Jeans,5,2000,10000,West,Cash
O1995,C245,2024-06-12,Clothing,Jeans,2,2000,4000,North,Credit Card
O1996,C021,2023-06-13,Clothing,Shirt,1,1200,1200,North,Net Banking
O1997,C217,2024-12-27,Sports,Tennis Racket,1,2200,2200,South,Cash
O1998,C077,2024-04-19,Groceries,Wheat,4,40,160,South,Debit Card
O1999,C116,2023-05-12,Sports,Tennis Racket,3,2200,6600,South,Net Banking
O2000,C273,2024-06-29,Sports,Cricket Bat,4,1500,6000,North,UPI
O2001,C266,2024-07-18,Electronics,Tablet,4,30000,120000,South,Debit Card
O2002,C036,2023-07-21,Home & Kitchen,Sofa,4,15000,60000,South,Net Banking
O2003,C053,2023-04-30,Groceries,Milk,4,25,100,East,UPI
O2004,C004,2024-09-02,Clothing,Shoes,5,2500,12500,East,Cash
O2005,C121,2023-06-02,Home & Kitchen,Mixer,5,4000,20000,North,UPI
O2006,C125,2023-07-10,Clothing,Shoes,2,2500,5000,North,Net Banking
O2007,C037,2023-12-04,Sports,Tennis Racket,1,2200,2200,West,UPI
O2008,C215,2024-03-23,Sports,Football,4,800,3200,South,Cash
O2009,C021,2024-09-20,Groceries,Rice,2,50,100,North,UPI
O2010,C168,2024-04-24,Sports,Football,1,800,800,North,Cash
O2011,C106,2023-02-20,Clothing,Shirt,3,1200,3600,South,UPI
O2012,C210,2024-07-29,Clothing,Shirt,5,1200,6000,West,Credit Card
O2013,C084,2023-07-01,Groceries,Milk,1,25,25,North,Cash
O2014,C052,2024-11-10,Sports,Cricket Bat,3,1500,4500,North,Debit Card
O2015,C126,2023-09-29,Home & Kitchen,Sofa,1,15000,15000,East,Credit Card
O2016,C300,2023-08-23,Electronics,Smartphone,5,25000,125000,North,UPI
O2017,C157,2023-10-06,Electronics,Laptop,5,60000,300000,South,Debit Card
O2018,C103,2024-02-11,Electronics,Tablet,2,30000,60000,West,Net Banking
O2019,C298,2024-05-08,Groceries,Rice,4,50,200,North,UPI
O2020,C060,2024-01-11,Clothing,Shirt,1,1200,1200,West,Debit Card
O2021,C044,2023-06-21,Clothing,Jacket,1,3500,3500,North,Net Banking
O2022,C219,2023-10-20,Electronics,Headphones,3,2000,6000,North,Debit Card
O2023,C108,2023-08-09,Clothing,Jacket,5,3500,17500,East,Net Banking
O2024,C240,2024-02-15,Electronics,Tablet,1,30000,30000,East,UPI
O2025,C051,2023-06-01,Groceries,Wheat,5,40,200,South,UPI
O2026,C204,2023-03-06,Sports,Yoga Mat,1,600,600,South,Net Banking
O2027,C294,2023-08-15,Sports,Football,2,800,1600,East,Debit Card
O2028,C070,2023-11-09,Home & Kitchen,Bed,4,20000,80000,West,Net Banking
O2029,C274,2023-04-12,Clothing,Jacket,1,3500,3500,South,Credit Card
O2030,C225,2023-11-02,Sports,Cricket Bat,5,1500,7500,South,Credit Card
O2031,C004,2024-07-17,Electronics,Tablet,2,30000,60000,East,Credit Card
O2032,C047,2023-09-01,Groceries,Eggs,1,6,6,South,Credit Card
O2033,C187,2024-04-04,Home & Kitchen,Bed,3,20000,60000,North,Debit Card
O2034,C035,2023-04-05,Groceries,Milk,4,25,100,East,Credit Card
O2035,C272,2024-10-17,Clothing,Jeans,1,2000,2000,South,Cash
O2036,C279,2024-07-23,Groceries,Rice,2,50,100,East,Debit Card
O2037,C069,2023-09-07,Groceries,Wheat,3,40,120,North,Credit Card
O2038,C298,2023-04-01,Sports,Yoga Mat,2,600,1200,East,Cash
O2039,C041,2023-08-15,Home & Kitchen,Mixer,2,4000,8000,North,Cash
O2040,C246,2023-09-11,Electronics,Laptop,3,60000,180000,East,Net Banking
O2041,C096,2023-11-12,Electronics,Laptop,2,60000,120000,North,Debit Card
O2042,C099,2023-05-16,Home & Kitchen,Bed,3,20000,60000,West,Credit Card
O2043,C128,2024-10-26,Home & Kitchen,Sofa,1,15000,15000,East,UPI
O2044,C067,2023-05-18,Electronics,Headphones,3,2000,6000,West,Credit Card
O2045,C180,2023-07-17,Electronics,Laptop,3,60000,180000,South,Credit Card
O2046,C039,2024-10-17,Home & Kitchen,Cookware,4,3000,12000,South,Cash
O2047,C053,2023-03-25,Home & Kitchen,Mixer,3,4000,12000,East,UPI
O2048,C021,2023-09-27,Groceries,Wheat,3,40,120,East,Net Banking
O2049,C124,2023-07-11,Home & Kitchen,Bed,1,20000,20000,West,Credit Card
O2050,C224,2024-02-09,Home & Kitchen,Sofa,4,15000,60000,East,UPI
O2051,C214,2023-02-15,Electronics,Laptop,5,60000,300000,South,Debit Card
O2052,C268,2023-04-08,Sports,Yoga Mat,1,600,600,East,Cash
O2053,C203,2023-11-16,Groceries,Eggs,1,6,6,South,UPI
O2054,C186,2024-01-06,Sports,Football,5,800,4000,North,UPI
O2055,C039,2024-01-31,Sports,Football,3,800,2400,East,Credit Card
O2056,C072,2024-06-10,Electronics,Laptop,2,60000,120000,East,Credit Card
O2057,C102,2023-05-18,Sports,Tennis Racket,4,2200,8800,South,UPI
O2058,C039,2024-05-16,Electronics,Headphones,2,2000,4000,East,UPI
O2059,C273,2024-01-26,Clothing,Jacket,5,3500,17500,North,Debit Card
O2060,C050,2024-11-10,Groceries,Milk,1,25,25,North,Debit Card
O2061,C257,2023-07-28,Sports,Cricket Bat,1,1500,1500,South,Credit Card
O2062,C014,2023-09-09,Electronics,Headphones,4,2000,8000,South,Net Banking
O2063,C168,2023-09-11,Electronics,Headphones,1,2000,2000,South,Debit Card
O2064,C156,2024-03-30,Clothing,Shoes,1,2500,2500,North,Net Banking
O2065,C244,2024-05-03,Clothing,Jacket,4,3500,14000,North,Cash
O2066,C255,2024-08-12,Clothing,Jacket,4,3500,14000,East,Net Banking
O2067,C131,2023-07-13,Home & Kitchen,Bed,5,20000,100000,South,UPI
O2068,C016,2024-06-07,Groceries,Wheat,1,40,40,West,UPI
O2069,C035,2024-07-02,Electronics,Laptop,1,60000,60000,West,UPI
O2070,C188,2024-07-31,Electronics,Headphones,5,2000,10000,East,Cash
O2071,C002,2024-08-12,Sports,Cricket Bat,3,1500,4500,North,Credit Card
O2072,C179,2024-03-26,Sports,Football,3,800,2400,South,UPI
O2073,C206,2023-06-16,Electronics,Headphones,3,2000,6000,South,Cash
O2074,C071,2024-11-16,Sports,Football,5,800,4000,South,Cash
O2075,C033,2024-11-24,Home & Kitchen,Sofa,1,15000,15000,West,Debit Card
O2076,C179,2023-03-05,Home & Kitchen,Bed,5,20000,100000,East,Debit Card
O2077,C197,2024-08-07,Electronics,Tablet,5,30000,150000,North,UPI
O2078,C205,2023-04-15,Clothing,Jacket,3,3500,10500,North,Debit Card
O2079,C053,2024-08-15,Clothing,Shoes,2,2500,5000,North,UPI
O2080,C089,2023-01-25,Clothing,Shoes,1,2500,2500,West,Debit Card
O2081,C007,2024-01-29,Groceries,Eggs,3,6,18,North,Net Banking
O2082,C233,2024-05-16,Home & Kitchen,Cookware,2,3000,6000,North,UPI
O2083,C013,2024-06-13,Home & Kitchen,Cookware,2,3000,6000,East,Debit Card
O2084,C100,2024-01-29,Electronics,Tablet,4,30000,120000,West,Debit Card
O2085,C203,2024-06-25,Groceries,Rice,1,50,50,South,Debit Card
O2086,C075,2023-08-17,Clothing,Jacket,2,3500,7000,East,Net Banking
O2087,C268,2023-01-10,Sports,Yoga Mat,3,600,1800,South,Cash
O2088,C278,2023-05-26,Clothing,Shirt,4,1200,4800,South,Cash
O2089,C220,2023-07-05,Electronics,Smartphone,1,25000,25000,South,Net Banking
O2090,C147,2024-01-08,Home & Kitchen,Mixer,5,4000,20000,West,Net Banking
O2091,C134,2024-11-07,Groceries,Milk,3,25,75,North,Credit Card
O2092,C244,2023-05-24,Groceries,Milk,2,25,50,South,UPI
O2093,C219,2023-11-22,Clothing,Jeans,2,2000,4000,South,Credit Card
O2094,C271,2024-03-13,Home & Kitchen,Bed,3,20000,60000,North,Net Banking
O2095,C052,2023-11-11,Groceries,Wheat,2,40,80,East,Credit Card
O2096,C018,2023-12-31,Sports,Cricket Bat,4,1500,6000,South,Net Banking
O2097,C166,2023-12-31,Groceries,Wheat,1,40,40,East,Cash
O2098,C266,2024-11-06,Sports,Cricket Bat,4,1500,6000,South,Cash
O2099,C247,2023-03-23,Clothing,Shirt,2,1200,2400,West,Debit Card
O2100,C122,2023-08-02,Home & Kitchen,Bed,5,20000,100000,North,Credit Card
O2101,C283,2024-01-25,Clothing,Jeans,1,2000,2000,South,Net Banking
O2102,C174,2024-04-17,Groceries,Eggs,1,6,6,North,UPI
O2103,C193,2024-05-07,Sports,Tennis Racket,3,2200,6600,West,UPI
O2104,C296,2024-04-22,Clothing,Jacket,3,3500,10500,South,Credit Card
O2105,C021,2023-09-21,Home & Kitchen,Mixer,5,4000,20000,South,Debit Card
O2106,C044,2023-12-26,Home & Kitchen,Cookware,1,3000,3000,West,UPI
O2107,C184,2024-12-17,Electronics,Smartphone,5,25000,125000,North,UPI
O2108,C278,2023-05-05,Groceries,Rice,3,50,150,East,Credit Card
O2109,C121,2023-06-12,Electronics,Headphones,3,2000,6000,South,Credit Card
O2110,C077,2024-12-28,Clothing,Jeans,1,2000,2000,West,Net Banking
O2111,C013,2024-06-27,Home & Kitchen,Sofa,4,15000,60000,South,Debit Card
O2112,C096,2024-11-25,Home & Kitchen,Cookware,2,3000,6000,West,Debit Card
O2113,C144,2023-10-28,Electronics,Headphones,3,2000,6000,East,Net Banking
O2114,C106,2023-04-18,Sports,Tennis Racket,3,2200,6600,North,Net Banking
O2115,C144,2023-11-07,Groceries,Rice,4,50,200,North,Cash
O2116,C068,2024-08-01,Home & Kitchen,Mixer,4,4000,16000,North,UPI
O2117,C126,2023-03-07,Clothing,Shirt,5,1200,6000,South,Debit Card
O2118,C261,2023-03-13,Groceries,Milk,5,25,125,South,Credit Card
O2119,C227,2024-10-05,Sports,Football,2,800,1600,South,UPI
O2120,C185,2024-03-23,Electronics,Tablet,2,30000,60000,North,Debit Card
O2121,C041,2023-08-07,Groceries,Eggs,1,6,6,South,Credit Card
O2122,C208,2024-04-30,Home & Kitchen,Bed,5,20000,100000,East,Net Banking
O2123,C045,2023-08-04,Home & Kitchen,Sofa,3,15000,45000,North,UPI
O2124,C276,2023-08-01,Electronics,Tablet,5,30000,150000,North,Credit Card
O2125,C183,2024-09-07,Sports,Yoga Mat,3,600,1800,North,UPI
O2126,C295,2023-11-13,Clothing,Jeans,4,2000,8000,South,UPI
O2127,C175,2024-02-15,Sports,Football,5,800,4000,East,Cash
O2128,C234,2024-04-09,Sports,Football,4,800,3200,East,UPI
O2129,C215,2023-06-16,Electronics,Smartphone,2,25000,50000,West,Credit Card
O2130,C104,2024-11-24,Electronics,Smartphone,2,25000,50000,West,UPI
O2131,C194,2023-06-21,Sports,Cricket Bat,1,1500,1500,South,Debit Card
O2132,C206,2024-03-04,Home & Kitchen,Mixer,5,4000,20000,South,Credit Card
O2133,C151,2023-09-05,Sports,Football,4,800,3200,West,Credit Card
O2134,C194,2023-02-02,Electronics,Headphones,3,2000,6000,West,Debit Card
O2135,C230,2023-08-04,Clothing,Jacket,2,3500,7000,East,UPI
O2136,C214,2023-01-21,Sports,Football,2,800,1600,West,Net Banking
O2137,C225,2024-03-17,Sports,Football,3,800,2400,East,UPI
O2138,C185,2024-02-22,Home & Kitchen,Bed,4,20000,80000,West,Debit Card
O2139,C275,2023-07-22,Electronics,Headphones,4,2000,8000,East,UPI
O2140,C175,2024-10-11,Sports,Football,5,800,4000,West,UPI
O2141,C022,2024-07-31,Sports,Cricket Bat,5,1500,7500,North,UPI
O2142,C105,2023-01-02,Home & Kitchen,Cookware,1,3000,3000,West,UPI
O2143,C006,2024-04-06,Home & Kitchen,Sofa,2,15000,30000,South,Debit Card
O2144,C258,2024-03-29,Home & Kitchen,Mixer,5,4000,20000,North,UPI
O2145,C094,2024-11-08,Groceries,Eggs,4,6,24,North,Credit Card
O2146,C135,2023-07-18,Electronics,Tablet,3,30000,90000,East,Net Banking
O2147,C139,2023-10-24,Clothing,Jeans,4,2000,8000,North,UPI
O2148,C101,2024-02-23,Clothing,Shirt,2,1200,2400,East,Net Banking
O2149,C299,2024-06-16,Electronics,Headphones,4,2000,8000,South,Credit Card
O2150,C080,2023-03-29,Groceries,Wheat,1,40,40,East,Cash
O2151,C265,2023-05-27,Groceries,Eggs,2,6,12,West,Debit Card
O2152,C195,2024-12-14,Clothing,Shoes,3,2500,7500,West,Credit Card
O2153,C298,2024-07-16,Electronics,Headphones,1,2000,2000,South,Debit Card
O2154,C098,2023-11-30,Electronics,Headphones,2,2000,4000,South,Net Banking
O2155,C194,2023-09-26,Clothing,Shoes,3,2500,7500,West,Debit Card
O2156,C074,2023-06-19,Groceries,Rice,1,50,50,North,UPI
O2157,C014,2023-04-01,Sports,Cricket Bat,1,1500,1500,East,Credit Card
O2158,C168,2023-06-04,Home & Kitchen,Bed,2,20000,40000,North,Cash
O2159,C209,2024-07-09,Clothing,Shoes,5,2500,12500,South,Net Banking
O2160,C262,2023-05-05,Electronics,Tablet,1,30000,30000,West,Debit Card
O2161,C201,2024-08-10,Sports,Tennis Racket,1,2200,2200,South,Debit Card
O2162,C186,2023-03-19,Sports,Yoga Mat,3,600,1800,South,Credit Card
O2163,C294,2024-08-25,Home & Kitchen,Mixer,4,4000,16000,East,Cash
O2164,C018,2023-09-30,Home & Kitchen,Mixer,2,4000,8000,West,UPI
O2165,C180,2023-07-29,Electronics,Laptop,2,60000,120000,West,Debit Card
O2166,C148,2024-09-04,Sports,Tennis Racket,5,2200,11000,East,Credit Card
O2167,C086,2023-08-12,Sports,Cricket Bat,5,1500,7500,West,Credit Card
O2168,C226,2024-12-01,Clothing,Jeans,2,2000,4000,South,UPI
O2169,C014,2023-06-14,Home & Kitchen,Mixer,5,4000,20000,West,Credit Card
O2170,C136,2023-07-04,Sports,Cricket Bat,3,1500,4500,North,Cash
O2171,C108,2023-06-18,Sports,Football,2,800,1600,West,Cash
O2172,C005,2024-11-24,Home & Kitchen,Bed,5,20000,100000,West,Cash
O2173,C104,2023-11-18,Home & Kitchen,Cookware,2,3000,6000,West,UPI
O2174,C153,2023-08-22,Electronics,Laptop,4,60000,240000,West,Credit Card
O2175,C027,2024-01-04,Sports,Football,1,800,800,East,Net Banking
O2176,C179,2023-02-10,Groceries,Wheat,2,40,80,West,UPI
O2177,C259,2023-09-05,Sports,Tennis Racket,1,2200,2200,South,Credit Card
O2178,C003,2023-06-30,Groceries,Eggs,5,6,30,West,Credit Card
O2179,C137,2024-07-21,Electronics,Smartphone,1,25000,25000,East,Net Banking
O2180,C209,2023-01-07,Sports,Yoga Mat,2,600,1200,West,Credit Card
O2181,C171,2023-08-19,Sports,Football,4,800,3200,South,Cash
O2182,C271,2024-05-03,Electronics,Laptop,5,60000,300000,West,Cash
O2183,C201,2024-09-13,Electronics,Smartphone,2,25000,50000,East,Debit Card
O2184,C166,2023-08-13,Electronics,Tablet,5,30000,150000,West,UPI
O2185,C108,2024-10-18,Groceries,Wheat,3,40,120,East,Debit Card
O2186,C048,2023-06-18,Groceries,Eggs,1,6,6,West,Credit Card
O2187,C255,2023-10-28,Groceries,Eggs,3,6,18,West,Net Banking
O2188,C025,2024-01-04,Sports,Cricket Bat,2,1500,3000,East,UPI
O2189,C261,2023-04-24,Home & Kitchen,Cookware,4,3000,12000,West,Debit Card
O2190,C090,2024-10-19,Clothing,Jeans,5,2000,10000,West,Cash
O2191,C173,2023-06-12,Clothing,Shoes,1,2500,2500,North,UPI
O2192,C217,2023-09-30,Home & Kitchen,Mixer,5,4000,20000,West,Debit Card
O2193,C100,2023-10-05,Electronics,Headphones,2,2000,4000,South,Debit Card
O2194,C093,2023-06-29,Groceries,Wheat,5,40,200,West,UPI
O2195,C114,2023-01-29,Home & Kitchen,Cookware,1,3000,3000,North,UPI
O2196,C044,2023-04-23,Electronics,Tablet,2,30000,60000,South,UPI
O2197,C177,2023-10-13,Home & Kitchen,Sofa,5,15000,75000,East,Cash
O2198,C221,2024-07-22,Sports,Tennis Racket,4,2200,8800,South,UPI
O2199,C290,2023-06-16,Electronics,Headphones,2,2000,4000,South,UPI
O2200,C046,2024-12-19,Home & Kitchen,Bed,2,20000,40000,South,Net Banking
O2201,C222,2023-10-19,Clothing,Jacket,4,3500,14000,North,Cash
O2202,C238,2024-12-16,Electronics,Smartphone,3,25000,75000,South,Debit Card
O2203,C096,2024-06-21,Home & Kitchen,Cookware,1,3000,3000,East,Cash
O2204,C035,2023-05-25,Clothing,Jacket,3,3500,10500,West,UPI
O2205,C252,2023-09-07,Clothing,Jacket,5,3500,17500,South,Cash
O2206,C167,2023-09-11,Sports,Yoga Mat,4,600,2400,South,Cash
O2207,C102,2024-04-20,Groceries,Milk,3,25,75,North,Credit Card
O2208,C003,2023-12-26,Groceries,Eggs,2,6,12,West,Debit Card
O2209,C200,2024-09-20,Clothing,Jeans,5,2000,10000,East,Cash
O2210,C130,2024-03-15,Clothing,Jacket,5,3500,17500,East,UPI
O2211,C130,2023-11-30,Home & Kitchen,Bed,3,20000,60000,West,Net Banking
O2212,C106,2023-07-10,Clothing,Jeans,3,2000,6000,West,Net Banking
O2213,C133,2024-06-01,Clothing,Jeans,4,2000,8000,East,Debit Card
O2214,C142,2024-10-19,Groceries,Wheat,1,40,40,East,Credit Card
O2215,C151,2024-10-30,Home & Kitchen,Bed,3,20000,60000,West,Debit Card
O2216,C247,2024-06-06,Groceries,Eggs,3,6,18,North,Cash
O2217,C097,2024-02-13,Groceries,Wheat,2,40,80,South,UPI
O2218,C190,2023-06-17,Clothing,Shirt,5,1200,6000,East,UPI
O2219,C228,2023-06-14,Electronics,Smartphone,1,25000,25000,North,Debit Card
O2220,C218,2024-12-11,Sports,Yoga Mat,2,600,1200,South,Debit Card
O2221,C027,2023-08-13,Groceries,Wheat,4,40,160,East,Credit Card
O2222,C246,2024-09-17,Clothing,Jacket,4,3500,14000,South,Cash
O2223,C147,2023-04-17,Electronics,Laptop,3,60000,180000,West,Cash
O2224,C227,2024-08-24,Clothing,Shirt,3,1200,3600,East,Net Banking
O2225,C032,2024-08-04,Clothing,Jacket,4,3500,14000,South,Debit Card
O2226,C184,2023-08-03,Clothing,Jacket,3,3500,10500,North,Debit Card
O2227,C189,2024-05-02,Electronics,Tablet,1,30000,30000,West,Cash
O2228,C138,2024-12-03,Home & Kitchen,Cookware,3,3000,9000,East,Debit Card
O2229,C023,2024-03-29,Clothing,Jacket,5,3500,17500,South,Debit Card
O2230,C141,2023-04-11,Clothing,Shirt,3,1200,3600,West,Net Banking
O2231,C041,2024-07-11,Electronics,Smartphone,2,25000,50000,North,Credit Card
O2232,C176,2023-10-05,Home & Kitchen,Mixer,1,4000,4000,North,Cash
O2233,C130,2023-06-22,Clothing,Jacket,2,3500,7000,South,Net Banking
O2234,C003,2024-06-02,Home & Kitchen,Mixer,2,4000,8000,West,Credit Card
O2235,C130,2024-12-17,Groceries,Eggs,5,6,30,West,Net Banking
O2236,C125,2024-10-16,Clothing,Shoes,1,2500,2500,East,Cash
O2237,C111,2024-07-24,Groceries,Wheat,1,40,40,South,Credit Card
O2238,C248,2024-09-08,Home & Kitchen,Cookware,1,3000,3000,East,Debit Card
O2239,C093,2023-12-29,Electronics,Headphones,1,2000,2000,West,Debit Card
O2240,C266,2024-06-08,Clothing,Jeans,1,2000,2000,South,UPI
O2241,C044,2024-12-08,Clothing,Jeans,5,2000,10000,North,UPI
O2242,C228,2023-01-31,Home & Kitchen,Bed,3,20000,60000,East,Cash
O2243,C188,2023-06-25,Sports,Yoga Mat,2,600,1200,South,Cash
O2244,C182,2024-04-28,Sports,Football,1,800,800,South,UPI
O2245,C124,2024-04-03,Sports,Tennis Racket,3,2200,6600,South,Net Banking
O2246,C277,2024-11-01,Clothing,Shoes,3,2500,7500,North,Debit Card
O2247,C059,2024-11-16,Clothing,Jacket,2,3500,7000,East,UPI
O2248,C247,2023-08-19,Groceries,Rice,5,50,250,East,Credit Card
O2249,C247,2024-01-31,Home & Kitchen,Bed,4,20000,80000,North,Net Banking
O2250,C123,2023-12-17,Electronics,Headphones,4,2000,8000,West,Credit Card
O2251,C183,2023-05-14,Home & Kitchen,Mixer,3,4000,12000,North,Debit Card
O2252,C064,2023-09-09,Electronics,Laptop,2,60000,120000,East,UPI
O2253,C185,2024-10-06,Groceries,Rice,4,50,200,West,UPI
O2254,C112,2023-12-03,Groceries,Milk,3,25,75,East,Debit Card
O2255,C250,2023-06-07,Home & Kitchen,Sofa,5,15000,75000,West,Net Banking
O2256,C172,2024-05-16,Electronics,Laptop,4,60000,240000,East,Credit Card
O2257,C081,2024-10-10,Home & Kitchen,Bed,3,20000,60000,West,UPI
O2258,C065,2023-05-26,Groceries,Milk,3,25,75,East,Cash
O2259,C194,2023-05-05,Sports,Football,1,800,800,South,Net Banking
O2260,C299,2024-02-23,Sports,Cricket Bat,5,1500,7500,North,Credit Card
O2261,C066,2024-05-02,Clothing,Shoes,1,2500,2500,East,Debit Card
O2262,C237,2023-03-19,Home & Kitchen,Bed,2,20000,40000,North,UPI
O2263,C290,2023-06-16,Groceries,Milk,1,25,25,East,Net Banking
O2264,C101,2024-08-09,Clothing,Jacket,1,3500,3500,South,Net Banking
O2265,C246,2023-04-22,Groceries,Milk,4,25,100,North,Net Banking
O2266,C118,2024-07-21,Electronics,Headphones,3,2000,6000,East,Debit Card
O2267,C138,2024-11-27,Sports,Football,5,800,4000,South,Net Banking
O2268,C059,2024-01-13,Clothing,Shoes,1,2500,2500,West,Net Banking
O2269,C088,2024-12-27,Home & Kitchen,Bed,5,20000,100000,South,Credit Card
O2270,C142,2024-08-29,Sports,Cricket Bat,1,1500,1500,South,Net Banking
O2271,C216,2024-03-14,Home & Kitchen,Sofa,2,15000,30000,East,Cash
O2272,C236,2023-08-08,Clothing,Shirt,1,1200,1200,East,Credit Card
O2273,C109,2024-12-07,Groceries,Eggs,4,6,24,East,Debit Card
O2274,C102,2023-08-03,Groceries,Wheat,3,40,120,West,Debit Card
O2275,C229,2023-11-16,Clothing,Shirt,2,1200,2400,East,Debit Card
O2276,C152,2024-05-28,Electronics,Tablet,1,30000,30000,East,Cash
O2277,C195,2023-08-17,Groceries,Eggs,5,6,30,East,Debit Card
O2278,C292,2023-10-14,Groceries,Wheat,2,40,80,East,UPI
O2279,C286,2023-10-01,Home & Kitchen,Cookware,2,3000,6000,South,UPI
O2280,C235,2024-03-01,Sports,Cricket Bat,1,1500,1500,South,Debit Card
O2281,C043,2024-05-20,Electronics,Headphones,2,2000,4000,South,UPI
O2282,C276,2024-09-10,Electronics,Smartphone,5,25000,125000,West,Net Banking
O2283,C028,2023-03-18,Clothing,Shirt,2,1200,2400,West,Debit Card
O2284,C152,2024-09-11,Groceries,Eggs,5,6,30,East,Debit Card
O2285,C088,2023-11-25,Groceries,Eggs,1,6,6,East,Credit Card
O2286,C109,2024-02-28,Electronics,Laptop,3,60000,180000,North,Cash
O2287,C278,2024-12-19,Sports,Yoga Mat,2,600,1200,East,Credit Card
O2288,C017,2023-04-04,Electronics,Smartphone,3,25000,75000,North,Cash
O2289,C031,2023-05-08,Home & Kitchen,Mixer,5,4000,20000,East,Cash
O2290,C006,2023-03-20,Groceries,Eggs,2,6,12,East,Credit Card
O2291,C104,2024-10-11,Groceries,Milk,4,25,100,West,Cash
O2292,C115,2024-06-14,Home & Kitchen,Mixer,3,4000,12000,South,Debit Card
O2293,C292,2023-08-04,Electronics,Headphones,2,2000,4000,North,Cash
O2294,C198,2023-06-28,Electronics,Headphones,3,2000,6000,West,UPI
O2295,C273,2024-05-12,Clothing,Shirt,2,1200,2400,West,Credit Card
O2296,C105,2023-07-30,Electronics,Laptop,1,60000,60000,North,Credit Card
O2297,C178,2024-02-05,Sports,Yoga Mat,3,600,1800,South,Net Banking
O2298,C276,2024-01-22,Sports,Football,4,800,3200,West,Cash
O2299,C177,2024-10-29,Home & Kitchen,Cookware,4,3000,12000,South,Credit Card
O2300,C070,2024-05-24,Clothing,Shirt,5,1200,6000,West,Debit Card
O2301,C177,2024-04-29,Home & Kitchen,Mixer,2,4000,8000,South,Credit Card
O2302,C032,2023-08-21,Clothing,Shirt,3,1200,3600,South,Debit Card
O2303,C219,2024-05-20,Sports,Yoga Mat,5,600,3000,North,Credit Card
O2304,C123,2024-01-02,Sports,Football,3,800,2400,North,Credit Card
O2305,C121,2023-02-12,Groceries,Milk,2,25,50,South,Cash
O2306,C054,2023-09-03,Clothing,Shoes,4,2500,10000,East,Credit Card
O2307,C195,2024-04-12,Electronics,Tablet,1,30000,30000,North,Net Banking
O2308,C104,2024-07-13,Clothing,Jeans,4,2000,8000,East,Debit Card
O2309,C225,2023-03-31,Sports,Yoga Mat,5,600,3000,North,Cash
O2310,C136,2024-01-04,Clothing,Shoes,1,2500,2500,East,UPI
O2311,C186,2023-09-30,Groceries,Eggs,5,6,30,East,Credit Card
O2312,C133,2024-03-15,Sports,Cricket Bat,2,1500,3000,South,Cash
O2313,C075,2024-07-31,Sports,Yoga Mat,1,600,600,West,Debit Card
O2314,C288,2024-06-12,Home & Kitchen,Cookware,5,3000,15000,East,Credit Card
O2315,C029,2023-09-21,Groceries,Milk,2,25,50,East,Net Banking
O2316,C251,2024-08-18,Sports,Cricket Bat,4,1500,6000,South,Credit Card
O2317,C253,2024-03-10,Sports,Tennis Racket,2,2200,4400,West,Net Banking
O2318,C270,2023-11-14,Home & Kitchen,Sofa,3,15000,45000,North,Cash
O2319,C220,2024-08-23,Sports,Cricket Bat,2,1500,3000,North,UPI
O2320,C230,2023-07-27,Home & Kitchen,Mixer,2,4000,8000,East,Net Banking
O2321,C214,2024-06-27,Sports,Tennis Racket,3,2200,6600,North,UPI
O2322,C230,2024-04-25,Groceries,Milk,5,25,125,South,Credit Card
O2323,C280,2023-02-27,Electronics,Laptop,5,60000,300000,East,Net Banking
O2324,C271,2024-10-05,Sports,Football,2,800,1600,South,UPI
O2325,C031,2023-04-08,Clothing,Jeans,3,2000,6000,West,Credit Card
O2326,C022,2024-05-26,Home & Kitchen,Mixer,3,4000,12000,East,Net Banking
O2327,C114,2023-04-08,Groceries,Milk,4,25,100,West,UPI
O2328,C171,2023-11-25,Clothing,Jacket,5,3500,17500,East,Cash
O2329,C066,2023-06-02,Clothing,Shirt,1,1200,1200,North,UPI
O2330,C124,2024-08-22,Home & Kitchen,Cookware,5,3000,15000,West,Net Banking
O2331,C040,2024-12-15,Clothing,Jacket,5,3500,17500,West,Credit Card
O2332,C001,2024-07-19,Groceries,Rice,4,50,200,North,Credit Card
O2333,C139,2023-11-01,Sports,Tennis Racket,1,2200,2200,North,Debit Card
O2334,C217,2023-06-25,Clothing,Shoes,4,2500,10000,West,Net Banking
O2335,C046,2023-06-07,Groceries,Eggs,1,6,6,East,Cash
O2336,C199,2023-07-09,Electronics,Headphones,2,2000,4000,South,Debit Card
O2337,C278,2023-12-20,Electronics,Tablet,1,30000,30000,North,UPI
O2338,C018,2023-04-13,Sports,Yoga Mat,4,600,2400,East,Cash
O2339,C090,2023-03-20,Sports,Tennis Racket,5,2200,11000,South,Net Banking
O2340,C240,2024-08-24,Clothing,Shirt,1,1200,1200,West,Net Banking
O2341,C273,2023-02-20,Clothing,Jeans,1,2000,2000,East,Net Banking
O2342,C234,2023-02-07,Groceries,Wheat,3,40,120,East,Credit Card
O2343,C243,2024-04-14,Home & Kitchen,Bed,5,20000,100000,South,Credit Card
O2344,C250,2023-05-09,Sports,Cricket Bat,2,1500,3000,South,UPI
O2345,C280,2023-06-30,Clothing,Shirt,4,1200,4800,East,Debit Card
O2346,C151,2024-10-02,Sports,Yoga Mat,2,600,1200,West,UPI
O2347,C172,2023-06-21,Electronics,Smartphone,5,25000,125000,North,Debit Card
O2348,C211,2024-05-16,Sports,Tennis Racket,1,2200,2200,South,UPI
O2349,C014,2023-11-08,Groceries,Milk,1,25,25,West,Credit Card
O2350,C007,2024-11-24,Sports,Tennis Racket,5,2200,11000,South,Net Banking
O2351,C288,2024-10-27,Home & Kitchen,Mixer,1,4000,4000,East,Net Banking
O2352,C046,2023-04-07,Clothing,Jeans,1,2000,2000,East,Debit Card
O2353,C010,2024-01-03,Groceries,Eggs,1,6,6,East,UPI
O2354,C016,2024-12-07,Electronics,Laptop,4,60000,240000,South,Debit Card
O2355,C287,2024-01-05,Sports,Yoga Mat,4,600,2400,North,UPI
O2356,C147,2023-10-22,Groceries,Eggs,3,6,18,North,Credit Card
O2357,C037,2024-12-21,Home & Kitchen,Cookware,2,3000,6000,North,Cash
O2358,C042,2024-01-24,Groceries,Milk,5,25,125,North,Cash
O2359,C106,2023-07-15,Clothing,Shoes,5,2500,12500,West,Net Banking
O2360,C123,2024-10-21,Sports,Football,5,800,4000,West,Credit Card
O2361,C275,2023-01-20,Clothing,Shirt,3,1200,3600,East,UPI
O2362,C278,2024-06-14,Electronics,Tablet,4,30000,120000,East,Cash
O2363,C224,2023-05-24,Groceries,Eggs,3,6,18,West,Debit Card
O2364,C261,2023-08-20,Groceries,Milk,5,25,125,North,Debit Card
O2365,C089,2023-11-03,Sports,Football,2,800,1600,West,Net Banking
O2366,C152,2024-04-18,Home & Kitchen,Mixer,1,4000,4000,South,Cash
O2367,C265,2023-02-08,Groceries,Wheat,4,40,160,South,Net Banking
O2368,C058,2023-04-11,Clothing,Shoes,4,2500,10000,South,Credit Card
O2369,C272,2023-12-03,Sports,Cricket Bat,3,1500,4500,South,Credit Card
O2370,C025,2024-03-15,Sports,Football,4,800,3200,West,Debit Card
O2371,C250,2023-04-02,Electronics,Laptop,5,60000,300000,South,Cash
O2372,C135,2023-09-22,Sports,Football,5,800,4000,West,UPI
O2373,C167,2024-02-06,Electronics,Tablet,3,30000,90000,North,Credit Card
O2374,C087,2024-02-28,Electronics,Tablet,5,30000,150000,West,Net Banking
O2375,C208,2024-02-03,Sports,Football,2,800,1600,West,Credit Card
O2376,C189,2023-02-04,Home & Kitchen,Cookware,3,3000,9000,North,Debit Card
O2377,C092,2023-02-07,Clothing,Shoes,2,2500,5000,South,UPI
O2378,C287,2024-05-03,Electronics,Headphones,1,2000,2000,South,UPI
O2379,C047,2023-07-17,Sports,Yoga Mat,2,600,1200,South,Credit Card
O2380,C113,2024-06-23,Sports,Football,1,800,800,South,UPI
O2381,C203,2024-11-10,Groceries,Wheat,1,40,40,East,Credit Card
O2382,C215,2024-11-14,Sports,Yoga Mat,2,600,1200,North,Debit Card
O2383,C158,2024-02-22,Clothing,Jeans,3,2000,6000,South,UPI
O2384,C276,2023-08-14,Home & Kitchen,Sofa,5,15000,75000,West,Debit Card
O2385,C017,2023-03-20,Clothing,Shirt,5,1200,6000,West,Credit Card
O2386,C228,2024-03-29,Electronics,Laptop,1,60000,60000,South,UPI
O2387,C017,2024-03-27,Home & Kitchen,Mixer,1,4000,4000,East,Debit Card
O2388,C300,2023-01-08,Home & Kitchen,Cookware,3,3000,9000,North,Net Banking
O2389,C194,2024-03-14,Groceries,Wheat,4,40,160,East,UPI
O2390,C040,2023-11-11,Electronics,Tablet,2,30000,60000,South,Credit Card
O2391,C167,2023-08-02,Groceries,Wheat,1,40,40,East,Cash
O2392,C156,2024-03-26,Sports,Yoga Mat,5,600,3000,West,Cash
O2393,C146,2023-01-10,Sports,Football,3,800,2400,West,Cash
O2394,C043,2024-01-21,Sports,Tennis Racket,2,2200,4400,South,Debit Card
O2395,C011,2024-07-28,Sports,Yoga Mat,3,600,1800,West,Credit Card
O2396,C073,2023-07-26,Sports,Yoga Mat,2,600,1200,West,Credit Card
O2397,C272,2024-01-24,Sports,Cricket Bat,2,1500,3000,West,Cash
O2398,C048,2023-01-03,Clothing,Jeans,1,2000,2000,North,Debit Card
O2399,C207,2023-01-01,Groceries,Milk,3,25,75,North,Credit Card
O2400,C250,2023-03-17,Groceries,Milk,3,25,75,South,Cash
O2401,C104,2024-08-01,Groceries,Rice,5,50,250,South,Net Banking
O2402,C263,2023-09-27,Groceries,Milk,5,25,125,West,Debit Card
O2403,C184,2023-06-07,Clothing,Jacket,1,3500,3500,South,Debit Card
O2404,C270,2024-06-23,Groceries,Rice,1,50,50,South,Debit Card
O2405,C160,2024-10-11,Home & Kitchen,Sofa,4,15000,60000,North,Net Banking
O2406,C176,2023-11-30,Sports,Yoga Mat,5,600,3000,South,Cash
O2407,C130,2023-05-10,Clothing,Jeans,2,2000,4000,West,Net Banking
O2408,C057,2023-11-21,Home & Kitchen,Cookware,3,3000,9000,South,Net Banking
O2409,C170,2023-08-18,Clothing,Shoes,1,2500,2500,East,UPI
O2410,C091,2023-10-15,Electronics,Laptop,3,60000,180000,North,Net Banking
O2411,C197,2023-05-22,Electronics,Smartphone,3,25000,75000,North,Credit Card
O2412,C011,2024-06-14,Sports,Yoga Mat,4,600,2400,North,Net Banking
O2413,C266,2024-07-07,Sports,Football,5,800,4000,North,Cash
O2414,C227,2024-11-15,Sports,Football,1,800,800,East,Net Banking
O2415,C164,2023-09-17,Groceries,Rice,3,50,150,East,Credit Card
O2416,C196,2023-11-13,Electronics,Tablet,1,30000,30000,North,Debit Card
O2417,C157,2023-11-11,Sports,Football,2,800,1600,East,UPI
O2418,C112,2023-07-23,Electronics,Laptop,4,60000,240000,South,Debit Card
O2419,C132,2023-01-27,Clothing,Jeans,2,2000,4000,East,Debit Card
O2420,C030,2024-08-29,Home & Kitchen,Bed,1,20000,20000,East,Net Banking
O2421,C145,2024-07-07,Electronics,Laptop,1,60000,60000,South,Debit Card
O2422,C208,2024-07-31,Sports,Cricket Bat,5,1500,7500,South,Credit Card
O2423,C280,2024-09-27,Groceries,Milk,3,25,75,North,Net Banking
O2424,C103,2024-10-29,Electronics,Laptop,3,60000,180000,East,UPI
O2425,C275,2023-09-08,Electronics,Tablet,2,30000,60000,South,Debit Card
O2426,C188,2024-10-05,Groceries,Rice,4,50,200,West,Credit Card
O2427,C129,2024-07-04,Groceries,Rice,3,50,150,West,Cash
O2428,C182,2023-02-09,Home & Kitchen,Sofa,5,15000,75000,West,Debit Card
O2429,C089,2023-07-06,Clothing,Shoes,2,2500,5000,North,Credit Card
O2430,C057,2024-03-10,Sports,Football,2,800,1600,West,UPI
O2431,C132,2023-02-13,Groceries,Eggs,5,6,30,South,Net Banking
O2432,C074,2024-02-20,Electronics,Headphones,4,2000,8000,North,Net Banking
O2433,C130,2024-10-15,Clothing,Shirt,5,1200,6000,South,Credit Card
O2434,C147,2023-11-28,Electronics,Smartphone,4,25000,100000,East,Debit Card
O2435,C086,2024-06-08,Electronics,Laptop,5,60000,300000,West,Cash
O2436,C161,2024-07-10,Clothing,Shirt,5,1200,6000,South,Credit Card
O2437,C278,2023-07-18,Sports,Tennis Racket,1,2200,2200,East,Net Banking
O2438,C221,2023-02-19,Sports,Cricket Bat,2,1500,3000,North,Net Banking
O2439,C156,2024-10-04,Clothing,Shirt,5,1200,6000,East,Debit Card
O2440,C012,2024-03-29,Home & Kitchen,Cookware,5,3000,15000,South,Debit Card
O2441,C069,2024-05-26,Clothing,Shirt,3,1200,3600,North,Debit Card
O2442,C137,2024-03-26,Groceries,Wheat,2,40,80,West,UPI
O2443,C035,2024-10-19,Home & Kitchen,Mixer,3,4000,12000,West,Credit Card
O2444,C097,2024-03-11,Sports,Tennis Racket,2,2200,4400,West,Cash
O2445,C154,2024-06-16,Electronics,Headphones,3,2000,6000,North,Net Banking
O2446,C081,2024-04-23,Sports,Tennis Racket,5,2200,11000,North,UPI
O2447,C110,2024-08-31,Clothing,Jacket,5,3500,17500,South,Debit Card
O2448,C033,2023-08-15,Groceries,Milk,1,25,25,North,Cash
O2449,C219,2024-01-03,Electronics,Smartphone,3,25000,75000,West,Credit Card
O2450,C170,2023-06-24,Home & Kitchen,Bed,4,20000,80000,South,Debit Card
O2451,C243,2024-04-25,Electronics,Smartphone,1,25000,25000,East,Net Banking
O2452,C046,2023-12-01,Sports,Cricket Bat,3,1500,4500,South,Net Banking
O2453,C260,2023-01-06,Groceries,Eggs,3,6,18,North,Debit Card
O2454,C049,2023-01-21,Electronics,Tablet,1,30000,30000,West,Cash
O2455,C143,2023-07-11,Sports,Football,5,800,4000,North,Debit Card
O2456,C169,2024-11-21,Sports,Football,3,800,2400,North,Net Banking
O2457,C020,2023-08-14,Electronics,Tablet,5,30000,150000,South,Debit Card
O2458,C095,2023-06-06,Groceries,Rice,1,50,50,South,Net Banking
O2459,C209,2023-09-20,Groceries,Eggs,5,6,30,North,Debit Card
O2460,C043,2023-03-06,Sports,Tennis Racket,2,2200,4400,East,Debit Card
O2461,C268,2023-02-10,Groceries,Milk,4,25,100,East,Net Banking
O2462,C199,2024-03-27,Electronics,Smartphone,3,25000,75000,South,Credit Card
O2463,C071,2024-06-21,Groceries,Rice,4,50,200,North,Credit Card
O2464,C116,2024-09-12,Sports,Cricket Bat,5,1500,7500,North,UPI
O2465,C007,2023-01-12,Home & Kitchen,Mixer,3,4000,12000,West,Net Banking
O2466,C091,2024-02-07,Sports,Tennis Racket,5,2200,11000,West,Debit Card
O2467,C225,2024-02-26,Electronics,Headphones,2,2000,4000,West,Net Banking
O2468,C060,2023-01-03,Clothing,Jeans,1,2000,2000,North,Cash
O2469,C262,2023-05-13,Clothing,Jacket,3,3500,10500,South,UPI
O2470,C184,2024-03-17,Groceries,Rice,2,50,100,East,Credit Card
O2471,C107,2024-04-25,Sports,Tennis Racket,2,2200,4400,West,Net Banking
O2472,C256,2023-08-28,Sports,Tennis Racket,3,2200,6600,South,UPI
O2473,C030,2024-10-26,Home & Kitchen,Sofa,5,15000,75000,East,Net Banking
O2474,C246,2024-07-29,Groceries,Wheat,2,40,80,West,Debit Card
O2475,C010,2024-09-25,Groceries,Rice,4,50,200,East,Net Banking
O2476,C069,2024-09-16,Home & Kitchen,Mixer,2,4000,8000,North,Debit Card
O2477,C002,2023-06-12,Home & Kitchen,Sofa,5,15000,75000,West,Credit Card
O2478,C040,2023-01-03,Home & Kitchen,Sofa,5,15000,75000,North,Net Banking
O2479,C053,2023-09-05,Groceries,Milk,4,25,100,South,UPI
O2480,C258,2023-12-08,Groceries,Eggs,2,6,12,West,Cash
O2481,C002,2024-06-04,Clothing,Jacket,5,3500,17500,West,Net Banking
O2482,C296,2024-09-20,Home & Kitchen,Cookware,3,3000,9000,West,Net Banking
O2483,C093,2023-06-29,Sports,Football,1,800,800,East,Debit Card
O2484,C130,2023-12-12,Groceries,Eggs,1,6,6,East,UPI
O2485,C018,2023-11-29,Groceries,Milk,1,25,25,South,Debit Card
O2486,C022,2023-03-01,Home & Kitchen,Cookware,2,3000,6000,East,Credit Card
O2487,C005,2023-10-04,Home & Kitchen,Sofa,4,15000,60000,West,Credit Card
O2488,C222,2023-10-29,Home & Kitchen,Sofa,5,15000,75000,West,Cash
O2489,C256,2024-07-14,Home & Kitchen,Bed,3,20000,60000,North,Net Banking
O2490,C089,2023-06-05,Home & Kitchen,Sofa,3,15000,45000,West,Cash
O2491,C240,2023-12-08,Clothing,Jeans,2,2000,4000,South,Net Banking
O2492,C126,2024-03-13,Electronics,Laptop,1,60000,60000,West,Debit Card
O2493,C295,2023-12-31,Electronics,Laptop,2,60000,120000,East,UPI
O2494,C130,2024-10-25,Clothing,Shirt,4,1200,4800,North,UPI
O2495,C166,2024-08-26,Sports,Yoga Mat,4,600,2400,West,UPI
O2496,C019,2024-12-02,Groceries,Rice,5,50,250,West,Cash
O2497,C232,2023-04-12,Groceries,Milk,5,25,125,East,Net Banking
O2498,C206,2023-09-08,Home & Kitchen,Bed,4,20000,80000,South,Credit Card
O2499,C065,2024-05-04,Electronics,Smartphone,4,25000,100000,West,Credit Card
